"","Site","Year","Species","Plot","Plot_size","TotalFlower","Flow_m2","snowmelt_DOY"
"1","Zackenberg",1996,"CAS","Cas1",2,1388,694,170.48987854251
"2","Zackenberg",1996,"CAS","Cas2",3,1760,586.67,172.852071005917
"3","Zackenberg",1996,"CAS","Cas3",2,844,422,173.20618556701
"4","Zackenberg",1996,"CAS","Cas4",3,1788,596,174.386683738796
"5","Zackenberg",1996,"DRY","Dry1",4,537,134.25,NA
"6","Zackenberg",1996,"DRY","Dry2",60,1073,17.88,176.782122905028
"7","Zackenberg",1996,"DRY","Dry3",2,522,261,163.833333333333
"8","Zackenberg",1996,"DRY","Dry4",6,142,23.67,NA
"9","Zackenberg",1996,"DRY","Dry5",6,258,43,167.011834319527
"10","Zackenberg",1996,"DRY","Dry6",91,1406,15.45,174.29799124522
"11","Zackenberg",1996,"PAP","Pap1",105,673,6.41,173.93218024579
"12","Zackenberg",1996,"PAP","Pap2",150,1089,7.26,174.386683738796
"13","Zackenberg",1996,"PAP","Pap3",90,478,5.31,174.188247874128
"14","Zackenberg",1996,"PAP","Pap4",91,337,3.7,174.29799124522
"15","Zackenberg",1996,"SAX","Sax1",7,566,80.86,NA
"16","Zackenberg",1996,"SAX","Sax2",6,513,85.5,NA
"17","Zackenberg",1996,"SAX","Sax3",10,529,52.9,NA
"18","Zackenberg",1996,"SIL","Sil1",7,251,35.86,NA
"19","Zackenberg",1996,"SIL","Sil2",6,493,82.17,NA
"20","Zackenberg",1996,"SIL","Sil3",10,348,34.8,NA
"21","Zackenberg",1996,"SIL","Sil4",1,270,270,176
"22","Zackenberg",1997,"CAS","Cas1",2,1855,927.5,165.277777777778
"23","Zackenberg",1997,"CAS","Cas2",3,550,183.33,171.5
"24","Zackenberg",1997,"CAS","Cas3",2,789,394.5,171.5
"25","Zackenberg",1997,"CAS","Cas4",3,391,130.33,168.892718753891
"26","Zackenberg",1997,"DRY","Dry1",4,166,41.5,NA
"27","Zackenberg",1997,"DRY","Dry2",60,230,3.83,175.061383717699
"28","Zackenberg",1997,"DRY","Dry3",2,104,52,NA
"29","Zackenberg",1997,"DRY","Dry4",6,155,25.83,161.544910179641
"30","Zackenberg",1997,"DRY","Dry5",6,123,20.5,161
"31","Zackenberg",1997,"DRY","Dry6",91,691,7.59,178.281477505284
"32","Zackenberg",1997,"PAP","Pap1",105,265,2.52,170.169002945954
"33","Zackenberg",1997,"PAP","Pap2",150,848,5.65,171.175691173326
"34","Zackenberg",1997,"PAP","Pap3",90,289,3.21,168.37156644395
"35","Zackenberg",1997,"PAP","Pap4",91,192,2.11,178.281477505284
"36","Zackenberg",1997,"SAX","Sax1",7,141,20.14,NA
"37","Zackenberg",1997,"SAX","Sax2",6,387,64.5,NA
"38","Zackenberg",1997,"SAX","Sax3",10,322,32.2,NA
"39","Zackenberg",1997,"SIL","Sil1",7,403,57.57,NA
"40","Zackenberg",1997,"SIL","Sil2",6,524,87.33,NA
"41","Zackenberg",1997,"SIL","Sil3",10,211,21.1,NA
"42","Zackenberg",1997,"SIL","Sil4",1,493,493,175
"43","Zackenberg",1998,"CAS","Cas1",2,322,161,167.974353486117
"44","Zackenberg",1998,"CAS","Cas2",3,19,6.33,174.872237443896
"45","Zackenberg",1998,"CAS","Cas3",2,35,17.5,171.482462034883
"46","Zackenberg",1998,"CAS","Cas4",3,25,8.33,171.456022634614
"47","Zackenberg",1998,"DRY","Dry1",4,223,55.75,NA
"48","Zackenberg",1998,"DRY","Dry2",60,42,0.7,179.287687301013
"49","Zackenberg",1998,"DRY","Dry3",2,255,127.5,164.472819665189
"50","Zackenberg",1998,"DRY","Dry4",6,69,11.5,168
"51","Zackenberg",1998,"DRY","Dry5",6,191,31.83,162.498209375629
"52","Zackenberg",1998,"DRY","Dry6",91,10,0.11,179.182186764307
"53","Zackenberg",1998,"PAP","Pap1",105,190,1.81,171.716066874469
"54","Zackenberg",1998,"PAP","Pap2",150,316,2.11,172.350331550802
"55","Zackenberg",1998,"PAP","Pap3",90,266,2.96,171.543977365386
"56","Zackenberg",1998,"PAP","Pap4",91,80,0.88,179.182186764307
"57","Zackenberg",1998,"SAX","Sax1",7,163,23.29,NA
"58","Zackenberg",1998,"SAX","Sax2",6,432,72,NA
"59","Zackenberg",1998,"SAX","Sax3",10,288,28.8,151.238123398384
"60","Zackenberg",1998,"SIL","Sil1",7,437,62.43,NA
"61","Zackenberg",1998,"SIL","Sil2",6,440,73.33,NA
"62","Zackenberg",1998,"SIL","Sil3",10,127,12.7,151.238123398384
"63","Zackenberg",1998,"SIL","Sil4",1,312,312,171.627074585083
"64","Zackenberg",1999,"CAS","Cas1",2,312,156,176.159051106512
"65","Zackenberg",1999,"CAS","Cas2",3,16,5.33,180.25
"66","Zackenberg",1999,"CAS","Cas3",2,18,9,180.240360501124
"67","Zackenberg",1999,"CAS","Cas4",3,7,2.33,180.175196473069
"68","Zackenberg",1999,"DRY","Dry1",4,852,213,161.978320805642
"69","Zackenberg",1999,"DRY","Dry2",60,49,0.82,184.421670611365
"70","Zackenberg",1999,"DRY","Dry3",2,437,218.5,169.122896748133
"71","Zackenberg",1999,"DRY","Dry4",6,356,59.33,169.75
"72","Zackenberg",1999,"DRY","Dry5",6,655,109.17,166.25
"73","Zackenberg",1999,"DRY","Dry6",91,25,0.27,183.777920244105
"74","Zackenberg",1999,"PAP","Pap1",105,220,2.1,179.503527902502
"75","Zackenberg",1999,"PAP","Pap2",150,315,2.1,179.986626138254
"76","Zackenberg",1999,"PAP","Pap3",90,183,2.03,179.206389171254
"77","Zackenberg",1999,"PAP","Pap4",91,30,0.33,183.777920244105
"78","Zackenberg",1999,"SAX","Sax1",7,584,83.43,NA
"79","Zackenberg",1999,"SAX","Sax2",6,158,26.33,NA
"80","Zackenberg",1999,"SAX","Sax3",10,707,70.7,153.88262254765
"81","Zackenberg",1999,"SIL","Sil1",7,993,141.86,NA
"82","Zackenberg",1999,"SIL","Sil2",6,400,66.67,NA
"83","Zackenberg",1999,"SIL","Sil3",10,313,31.3,153.88262254765
"84","Zackenberg",1999,"SIL","Sil4",1,275,275,182.98372097422
"85","Zackenberg",2000,"CAS","Cas1",2,28,14,154.248390064397
"86","Zackenberg",2000,"CAS","Cas2",3,8,2.67,NA
"87","Zackenberg",2000,"CAS","Cas3",2,0,0,170.884055219617
"88","Zackenberg",2000,"CAS","Cas4",3,3,1,170.356635964143
"89","Zackenberg",2000,"DRY","Dry1",4,607,151.75,NA
"90","Zackenberg",2000,"DRY","Dry2",60,46,0.77,174.291666666667
"91","Zackenberg",2000,"DRY","Dry3",2,266,133,NA
"92","Zackenberg",2000,"DRY","Dry4",6,64,10.67,NA
"93","Zackenberg",2000,"DRY","Dry5",6,312,52,NA
"94","Zackenberg",2000,"DRY","Dry6",91,140,1.54,175.596081313222
"95","Zackenberg",2000,"PAP","Pap1",105,197,1.88,NA
"96","Zackenberg",2000,"PAP","Pap2",150,236,1.57,170.840317834281
"97","Zackenberg",2000,"PAP","Pap3",90,240,2.67,170.356635964143
"98","Zackenberg",2000,"PAP","Pap4",91,35,0.38,175.596081313222
"99","Zackenberg",2000,"SAX","Sax1",7,1552,221.71,NA
"100","Zackenberg",2000,"SAX","Sax2",6,387,64.5,NA
"101","Zackenberg",2000,"SAX","Sax3",10,403,40.3,NA
"102","Zackenberg",2000,"SIL","Sil1",7,1327,189.57,NA
"103","Zackenberg",2000,"SIL","Sil2",6,692,115.33,NA
"104","Zackenberg",2000,"SIL","Sil3",10,274,27.4,NA
"105","Zackenberg",2000,"SIL","Sil4",1,358,358,174.291666666667
"106","Zackenberg",2001,"CAS","Cas1",2,1711,855.5,166.318843615795
"107","Zackenberg",2001,"CAS","Cas2",3,1353,451,173.416666666667
"108","Zackenberg",2001,"CAS","Cas3",2,771,385.5,172.673208253975
"109","Zackenberg",2001,"CAS","Cas4",3,578,192.67,173.496548604859
"110","Zackenberg",2001,"DRY","Dry1",4,1016,254,NA
"111","Zackenberg",2001,"DRY","Dry2",60,172,2.87,178.362382214655
"112","Zackenberg",2001,"DRY","Dry3",2,577,288.5,157.526242039161
"113","Zackenberg",2001,"DRY","Dry4",6,301,50.17,157.979900512587
"114","Zackenberg",2001,"DRY","Dry5",6,506,84.33,156.961894953656
"115","Zackenberg",2001,"DRY","Dry6",91,550,6.04,177.037527829252
"116","Zackenberg",2001,"PAP","Pap1",105,237,2.26,172.761314863876
"117","Zackenberg",2001,"PAP","Pap2",150,466,3.11,173.508542036092
"118","Zackenberg",2001,"PAP","Pap3",90,259,2.88,173.735703626631
"119","Zackenberg",2001,"PAP","Pap4",91,65,0.71,177.037527829252
"120","Zackenberg",2001,"SAX","Sax1",7,558,79.71,NA
"121","Zackenberg",2001,"SAX","Sax2",6,515,85.83,NA
"122","Zackenberg",2001,"SAX","Sax3",10,558,55.8,NA
"123","Zackenberg",2001,"SIL","Sil1",7,674,96.29,NA
"124","Zackenberg",2001,"SIL","Sil2",6,568,94.67,NA
"125","Zackenberg",2001,"SIL","Sil3",10,348,34.8,NA
"126","Zackenberg",2001,"SIL","Sil4",1,462,462,176.875
"127","Zackenberg",2002,"CAS","Cas1",2,1510,755,170.330275718628
"128","Zackenberg",2002,"CAS","Cas2",3,952,317.33,173.181378807222
"129","Zackenberg",2002,"CAS","Cas3",2,449,224.5,173.103323043399
"130","Zackenberg",2002,"CAS","Cas4",3,164,54.67,171.743398068529
"131","Zackenberg",2002,"DRY","Dry1",4,627,156.75,NA
"132","Zackenberg",2002,"DRY","Dry2",60,290,4.83,175.267384916748
"133","Zackenberg",2002,"DRY","Dry3",2,235,117.5,157.116524346173
"134","Zackenberg",2002,"DRY","Dry4",6,187,31.17,NA
"135","Zackenberg",2002,"DRY","Dry5",6,268,44.67,158.407552547203
"136","Zackenberg",2002,"DRY","Dry6",91,430,4.73,179.411222593831
"137","Zackenberg",2002,"PAP","Pap1",105,277,2.64,172.885032110148
"138","Zackenberg",2002,"PAP","Pap2",150,456,3.04,172.780963409325
"139","Zackenberg",2002,"PAP","Pap3",90,301,3.34,172.437949744125
"140","Zackenberg",2002,"PAP","Pap4",91,59,0.65,179.411222593831
"141","Zackenberg",2002,"SAX","Sax1",7,542,77.43,NA
"142","Zackenberg",2002,"SAX","Sax2",6,617,102.83,NA
"143","Zackenberg",2002,"SAX","Sax3",10,318,31.8,NA
"144","Zackenberg",2002,"SIL","Sil1",7,766,109.43,NA
"145","Zackenberg",2002,"SIL","Sil2",6,1094,182.33,NA
"146","Zackenberg",2002,"SIL","Sil3",10,480,48,NA
"147","Zackenberg",2002,"SIL","Sil4",1,470,470,175.428213370339
"148","Zackenberg",2003,"CAS","Cas1",2,851,425.5,165.956707117088
"149","Zackenberg",2003,"CAS","Cas2",3,1001,333.67,170.120712350569
"150","Zackenberg",2003,"CAS","Cas3",2,817,408.5,165.711217183771
"151","Zackenberg",2003,"CAS","Cas4",3,1189,396.33,169.75
"152","Zackenberg",2003,"DRY","Dry1",4,744,186,156.096
"153","Zackenberg",2003,"DRY","Dry2",60,552,9.2,170.721547235309
"154","Zackenberg",2003,"DRY","Dry3",2,294,147,156.89898989899
"155","Zackenberg",2003,"DRY","Dry4",6,224,37.33,NA
"156","Zackenberg",2003,"DRY","Dry5",6,589,98.17,157.063779988297
"157","Zackenberg",2003,"DRY","Dry6",91,627,6.89,171.020244018813
"158","Zackenberg",2003,"PAP","Pap1",105,278,2.65,167.723215750615
"159","Zackenberg",2003,"PAP","Pap2",150,564,3.76,170.180323170056
"160","Zackenberg",2003,"PAP","Pap3",90,351,3.9,169.821302159254
"161","Zackenberg",2003,"PAP","Pap4",91,56,0.62,171.020244018813
"162","Zackenberg",2003,"SAX","Sax1",7,1213,173.29,NA
"163","Zackenberg",2003,"SAX","Sax2",6,561,93.5,NA
"164","Zackenberg",2003,"SAX","Sax3",10,509,50.9,NA
"165","Zackenberg",2003,"SIL","Sil1",7,1191,170.14,NA
"166","Zackenberg",2003,"SIL","Sil2",6,917,152.83,NA
"167","Zackenberg",2003,"SIL","Sil3",10,1000,100,NA
"168","Zackenberg",2003,"SIL","Sil4",1,794,794,173.25
"169","Zackenberg",2004,"CAS","Cas1",2,2080,1040,NA
"170","Zackenberg",2004,"CAS","Cas2",3,1745,581.67,171.739130434783
"171","Zackenberg",2004,"CAS","Cas3",2,791,395.5,167.727272727273
"172","Zackenberg",2004,"CAS","Cas4",3,1274,424.67,167.887436390618
"173","Zackenberg",2004,"DRY","Dry1",4,444,111,NA
"174","Zackenberg",2004,"DRY","Dry2",60,1174,19.57,174.263255831438
"175","Zackenberg",2004,"DRY","Dry3",2,273,136.5,NA
"176","Zackenberg",2004,"DRY","Dry4",6,218,36.33,NA
"177","Zackenberg",2004,"DRY","Dry5",6,351,58.5,NA
"178","Zackenberg",2004,"DRY","Dry6",91,1854,20.37,175.6
"179","Zackenberg",2004,"PAP","Pap1",105,286,2.72,171.426527719345
"180","Zackenberg",2004,"PAP","Pap2",150,402,2.68,169.27951678569
"181","Zackenberg",2004,"PAP","Pap3",90,221,2.46,167.664310704814
"182","Zackenberg",2004,"PAP","Pap4",91,37,0.41,175.6
"183","Zackenberg",2004,"SAX","Sax1",7,463,66.14,NA
"184","Zackenberg",2004,"SAX","Sax2",6,584,97.33,NA
"185","Zackenberg",2004,"SAX","Sax3",10,609,60.9,NA
"186","Zackenberg",2004,"SIL","Sil1",7,1187,169.57,NA
"187","Zackenberg",2004,"SIL","Sil2",6,1406,234.33,NA
"188","Zackenberg",2004,"SIL","Sil3",10,719,71.9,NA
"189","Zackenberg",2004,"SIL","Sil4",1,509,509,173.940194480763
"190","Zackenberg",2005,"CAS","Cas1",2,1392,696,NA
"191","Zackenberg",2005,"CAS","Cas2",3,1204,401.33,NA
"192","Zackenberg",2005,"CAS","Cas3",2,864,432,NA
"193","Zackenberg",2005,"CAS","Cas4",3,1856,618.67,NA
"194","Zackenberg",2005,"DRY","Dry1",4,392,98,140
"195","Zackenberg",2005,"DRY","Dry2",60,520,8.67,168
"196","Zackenberg",2005,"DRY","Dry3",2,200,100,140
"197","Zackenberg",2005,"DRY","Dry4",6,144,24,140
"198","Zackenberg",2005,"DRY","Dry5",6,232,38.67,140
"199","Zackenberg",2005,"DRY","Dry6",91,880,9.67,165.230692826935
"200","Zackenberg",2005,"PAP","Pap1",105,207,1.97,159.880821089324
"201","Zackenberg",2005,"PAP","Pap2",150,682,4.55,162.403733156039
"202","Zackenberg",2005,"PAP","Pap3",90,316,3.51,163.45144721316
"203","Zackenberg",2005,"PAP","Pap4",91,68,0.75,165.230692826935
"204","Zackenberg",2005,"SAX","Sax1",7,159,22.71,NA
"205","Zackenberg",2005,"SAX","Sax2",6,522,87,NA
"206","Zackenberg",2005,"SAX","Sax3",10,241,24.1,NA
"207","Zackenberg",2005,"SIL","Sil1",7,312,44.57,NA
"208","Zackenberg",2005,"SIL","Sil2",6,740,123.33,NA
"209","Zackenberg",2005,"SIL","Sil3",10,503,50.3,NA
"210","Zackenberg",2005,"SIL","Sil4",1,483,483,163.880029914654
"211","Zackenberg",2006,"CAS","Cas1",2,973,486.5,167.155523745167
"212","Zackenberg",2006,"CAS","Cas2",3,593,197.67,175.892759413516
"213","Zackenberg",2006,"CAS","Cas3",2,432,216,173.25
"214","Zackenberg",2006,"CAS","Cas4",3,520,173.33,171.948372905307
"215","Zackenberg",2006,"DRY","Dry1",4,321,80.25,161.287314626222
"216","Zackenberg",2006,"DRY","Dry2",60,521,8.68,183.175026475811
"217","Zackenberg",2006,"DRY","Dry3",2,134,67,161.641766596064
"218","Zackenberg",2006,"DRY","Dry4",6,168,28,166.292330044191
"219","Zackenberg",2006,"DRY","Dry5",6,123,20.5,150.802768053493
"220","Zackenberg",2006,"DRY","Dry6",91,1324,14.55,181.249629154614
"221","Zackenberg",2006,"PAP","Pap1",105,153,1.46,174.037650443133
"222","Zackenberg",2006,"PAP","Pap2",150,418,2.79,175.217487094543
"223","Zackenberg",2006,"PAP","Pap3",90,234,2.6,173.098455245169
"224","Zackenberg",2006,"PAP","Pap4",91,71,0.78,181.249629154614
"225","Zackenberg",2006,"SAX","Sax1",7,43,6.14,NA
"226","Zackenberg",2006,"SAX","Sax2",6,167,27.83,NA
"227","Zackenberg",2006,"SAX","Sax3",10,150,15,163.17033963393
"228","Zackenberg",2006,"SIL","Sil1",7,430,61.43,NA
"229","Zackenberg",2006,"SIL","Sil2",6,540,90,NA
"230","Zackenberg",2006,"SIL","Sil3",10,739,73.9,163.17033963393
"231","Zackenberg",2006,"SIL","Sil4",1,312,312,178.583333333333
"232","Zackenberg",2007,"CAS","Cas1",2,435,217.5,160.025982249034
"233","Zackenberg",2007,"CAS","Cas2",3,300,100,169.461214876068
"234","Zackenberg",2007,"CAS","Cas3",2,86,43,161.942525808107
"235","Zackenberg",2007,"CAS","Cas4",3,223,74.33,167.109076054685
"236","Zackenberg",2007,"DRY","Dry1",4,147,36.75,NA
"237","Zackenberg",2007,"DRY","Dry2",60,561,9.35,171.08624423994
"238","Zackenberg",2007,"DRY","Dry3",2,90,45,NA
"239","Zackenberg",2007,"DRY","Dry4",6,181,30.17,157.012958770512
"240","Zackenberg",2007,"DRY","Dry5",6,115,19.17,NA
"241","Zackenberg",2007,"DRY","Dry6",91,1144,12.57,166.38734055097
"242","Zackenberg",2007,"PAP","Pap1",105,95,0.9,164.130452857118
"243","Zackenberg",2007,"PAP","Pap2",150,234,1.56,163.467363577252
"244","Zackenberg",2007,"PAP","Pap3",90,233,2.59,164.996764517002
"245","Zackenberg",2007,"PAP","Pap4",91,31,0.34,166.38734055097
"246","Zackenberg",2007,"SAX","Sax1",7,190,27.14,NA
"247","Zackenberg",2007,"SAX","Sax2",6,311,51.83,NA
"248","Zackenberg",2007,"SAX","Sax3",10,394,39.4,157.867605534378
"249","Zackenberg",2007,"SIL","Sil1",7,84,12,NA
"250","Zackenberg",2007,"SIL","Sil2",6,268,44.67,NA
"251","Zackenberg",2007,"SIL","Sil3",10,378,37.8,157.867605534378
"252","Zackenberg",2007,"SIL","Sil4",1,420,420,167.437538903609
"253","Zackenberg",2008,"CAS","Cas1",2,1183,591.5,163.123856185295
"254","Zackenberg",2008,"CAS","Cas2",3,958,319.33,168.31426645835
"255","Zackenberg",2008,"CAS","Cas3",2,704,352,168.385258163001
"256","Zackenberg",2008,"CAS","Cas4",3,1340,446.67,168.449160740787
"257","Zackenberg",2008,"DRY","Dry1",4,190,47.5,151.597099275482
"258","Zackenberg",2008,"DRY","Dry2",60,806,13.43,172.691597882695
"259","Zackenberg",2008,"DRY","Dry3",2,94,47,151.618931141732
"260","Zackenberg",2008,"DRY","Dry4",6,141,23.5,160.505107992278
"261","Zackenberg",2008,"DRY","Dry5",6,103,17.17,155.69281492835
"262","Zackenberg",2008,"DRY","Dry6",91,1606,17.65,175.141208884064
"263","Zackenberg",2008,"PAP","Pap1",105,80,0.76,164.778441298294
"264","Zackenberg",2008,"PAP","Pap2",150,500,3.33,171.336662880843
"265","Zackenberg",2008,"PAP","Pap3",90,190,2.11,167.69288578254
"266","Zackenberg",2008,"PAP","Pap4",91,71,0.78,175.141208884064
"267","Zackenberg",2008,"SAX","Sax1",7,124,17.71,NA
"268","Zackenberg",2008,"SAX","Sax2",6,98,16.33,127.996309346618
"269","Zackenberg",2008,"SAX","Sax3",10,134,13.4,149.23319546742
"270","Zackenberg",2008,"SIL","Sil1",7,171,24.43,NA
"271","Zackenberg",2008,"SIL","Sil2",6,267,44.5,127.996309346618
"272","Zackenberg",2008,"SIL","Sil3",10,176,17.6,149.23319546742
"273","Zackenberg",2008,"SIL","Sil4",1,373,373,169.246035754944
"274","Zackenberg",2009,"CAS","Cas1",2,233,116.5,138.677152918026
"275","Zackenberg",2009,"CAS","Cas2",3,555,185,143.377337005618
"276","Zackenberg",2009,"CAS","Cas3",2,256,128,139.119235970587
"277","Zackenberg",2009,"CAS","Cas4",3,437,145.67,145.679878321632
"278","Zackenberg",2009,"DRY","Dry1",4,254,63.5,NA
"279","Zackenberg",2009,"DRY","Dry2",60,395,6.58,153.269405881409
"280","Zackenberg",2009,"DRY","Dry3",2,32,16,136.760001768594
"281","Zackenberg",2009,"DRY","Dry4",6,90,15,136.771320675548
"282","Zackenberg",2009,"DRY","Dry5",6,51,8.5,133.982764059767
"283","Zackenberg",2009,"DRY","Dry6",91,593,6.52,147.518205924278
"284","Zackenberg",2009,"PAP","Pap1",105,68,0.65,140.449116335477
"285","Zackenberg",2009,"PAP","Pap2",150,341,2.27,146.808478086331
"286","Zackenberg",2009,"PAP","Pap3",90,188,2.09,145.653074697069
"287","Zackenberg",2009,"PAP","Pap4",91,26,0.29,147.518205924278
"288","Zackenberg",2009,"SAX","Sax1",7,23,3.29,NA
"289","Zackenberg",2009,"SAX","Sax2",6,123,20.5,NA
"290","Zackenberg",2009,"SAX","Sax3",10,84,8.4,NA
"291","Zackenberg",2009,"SIL","Sil1",7,159,22.71,NA
"292","Zackenberg",2009,"SIL","Sil2",6,260,43.33,NA
"293","Zackenberg",2009,"SIL","Sil3",10,168,16.8,NA
"294","Zackenberg",2009,"SIL","Sil4",1,499,499,147.10547635633
"295","Zackenberg",2010,"CAS","Cas1",2,431,215.5,155.171863602082
"296","Zackenberg",2010,"CAS","Cas2",3,340,113.33,164.236222070121
"297","Zackenberg",2010,"CAS","Cas3",2,227,113.5,164.183874289815
"298","Zackenberg",2010,"CAS","Cas4",3,304,101.33,165.871323691397
"299","Zackenberg",2010,"DRY","Dry1",4,334,83.5,NA
"300","Zackenberg",2010,"DRY","Dry2",60,410,6.83,167.588384336874
"301","Zackenberg",2010,"DRY","Dry3",2,129,64.5,NA
"302","Zackenberg",2010,"DRY","Dry4",6,192,32,141.197649960107
"303","Zackenberg",2010,"DRY","Dry5",6,318,53,145.245777620957
"304","Zackenberg",2010,"DRY","Dry6",91,889,9.77,164.888579093465
"305","Zackenberg",2010,"PAP","Pap1",105,53,0.5,159.495446818187
"306","Zackenberg",2010,"PAP","Pap2",150,419,2.79,161.652813066189
"307","Zackenberg",2010,"PAP","Pap3",90,150,1.67,161.903426708023
"308","Zackenberg",2010,"PAP","Pap4",91,83,0.91,164.888579093465
"309","Zackenberg",2010,"SAX","Sax1",7,293,41.86,NA
"310","Zackenberg",2010,"SAX","Sax2",6,171,28.5,NA
"311","Zackenberg",2010,"SAX","Sax3",10,506,50.6,NA
"312","Zackenberg",2010,"SIL","Sil1",7,1085,155,NA
"313","Zackenberg",2010,"SIL","Sil2",6,288,48,NA
"314","Zackenberg",2010,"SIL","Sil3",10,493,49.3,NA
"315","Zackenberg",2010,"SIL","Sil4",1,424,424,161.629123702642
"316","Zackenberg",2011,"CAS","Cas1",2,890,445,147.802505626551
"317","Zackenberg",2011,"CAS","Cas2",3,1045,348.33,152.125533083345
"318","Zackenberg",2011,"CAS","Cas3",2,489,244.5,156.030336372459
"319","Zackenberg",2011,"CAS","Cas4",3,659,219.67,158.059156691689
"320","Zackenberg",2011,"DRY","Dry1",4,530,132.5,NA
"321","Zackenberg",2011,"DRY","Dry2",60,483,8.05,165.403584420871
"322","Zackenberg",2011,"DRY","Dry3",2,281,140.5,NA
"323","Zackenberg",2011,"DRY","Dry4",6,279,46.5,151.058639550889
"324","Zackenberg",2011,"DRY","Dry5",6,560,93.33,NA
"325","Zackenberg",2011,"DRY","Dry6",91,1185,13.02,164.11912481783
"326","Zackenberg",2011,"PAP","Pap1",105,84,0.8,148.124068961925
"327","Zackenberg",2011,"PAP","Pap2",150,251,1.67,158.878270339186
"328","Zackenberg",2011,"PAP","Pap3",90,259,2.88,157.810917671202
"329","Zackenberg",2011,"PAP","Pap4",91,96,1.05,164.11912481783
"330","Zackenberg",2011,"SAX","Sax1",7,108,15.43,NA
"331","Zackenberg",2011,"SAX","Sax2",6,234,39,NA
"332","Zackenberg",2011,"SAX","Sax3",10,540,54,NA
"333","Zackenberg",2011,"SIL","Sil1",7,691,98.71,NA
"334","Zackenberg",2011,"SIL","Sil2",6,489,81.5,NA
"335","Zackenberg",2011,"SIL","Sil3",10,485,48.5,NA
"336","Zackenberg",2011,"SIL","Sil4",1,611,611,161.964969467805
"337","Zackenberg",2012,"CAS","Cas1",2,799,399.5,158.891351828443
"338","Zackenberg",2012,"CAS","Cas2",3,1459,486.33,167.951904382585
"339","Zackenberg",2012,"CAS","Cas3",2,490,245,164.425324746229
"340","Zackenberg",2012,"CAS","Cas4",3,615,205,166.707910973997
"341","Zackenberg",2012,"DRY","Dry1",4,533,133.25,143.629884788127
"342","Zackenberg",2012,"DRY","Dry2",60,401,6.68,173.124652452305
"343","Zackenberg",2012,"DRY","Dry3",2,403,201.5,143.442125456861
"344","Zackenberg",2012,"DRY","Dry4",6,215,35.83,159.26501350673
"345","Zackenberg",2012,"DRY","Dry5",6,571,95.17,153.47049104047
"346","Zackenberg",2012,"DRY","Dry6",91,1351,14.85,168.457354719752
"347","Zackenberg",2012,"PAP","Pap1",105,31,0.3,170.139838491617
"348","Zackenberg",2012,"PAP","Pap2",150,365,2.43,166.870828353019
"349","Zackenberg",2012,"PAP","Pap3",90,92,1.02,166.789369796105
"350","Zackenberg",2012,"PAP","Pap4",91,92,1.01,168.457354719752
"351","Zackenberg",2012,"SAX","Sax1",7,55,7.86,140.639325445877
"352","Zackenberg",2012,"SAX","Sax2",6,89,14.83,128.48764279043
"353","Zackenberg",2012,"SAX","Sax3",10,653,65.3,148.941369720206
"354","Zackenberg",2012,"SIL","Sil1",7,603,86.14,140.639325445877
"355","Zackenberg",2012,"SIL","Sil2",6,408,68,128.48764279043
"356","Zackenberg",2012,"SIL","Sil3",10,406,40.6,148.941369720206
"357","Zackenberg",2012,"SIL","Sil4",1,435,435,168.535610085789
"358","Zackenberg",2013,"CAS","Cas1",2,148,74,136.318827241651
"359","Zackenberg",2013,"CAS","Cas2",3,689,229.67,153.391354740668
"360","Zackenberg",2013,"CAS","Cas3",2,193,96.5,145.509759906854
"361","Zackenberg",2013,"CAS","Cas4",3,497,165.67,150.68057364732
"362","Zackenberg",2013,"DRY","Dry1",4,288,72,133.945947403365
"363","Zackenberg",2013,"DRY","Dry2",60,628,10.47,149.136363636364
"364","Zackenberg",2013,"DRY","Dry3",2,43,21.5,NA
"365","Zackenberg",2013,"DRY","Dry4",6,91,15.17,130.265378914655
"366","Zackenberg",2013,"DRY","Dry5",6,342,57,136.694402923103
"367","Zackenberg",2013,"DRY","Dry6",91,955,10.49,143.956134528924
"368","Zackenberg",2013,"PAP","Pap1",105,28,0.27,139.26096084103
"369","Zackenberg",2013,"PAP","Pap2",150,234,1.56,146.608643097424
"370","Zackenberg",2013,"PAP","Pap3",90,123,1.37,142.686686020243
"371","Zackenberg",2013,"PAP","Pap4",91,128,1.41,143.956134528924
"372","Zackenberg",2013,"SAX","Sax1",7,270,38.57,130.289060943085
"373","Zackenberg",2013,"SAX","Sax2",6,484,80.67,NA
"374","Zackenberg",2013,"SAX","Sax3",10,436,43.6,132.086143063852
"375","Zackenberg",2013,"SIL","Sil1",7,980,140,130.289060943085
"376","Zackenberg",2013,"SIL","Sil2",6,354,59,NA
"377","Zackenberg",2013,"SIL","Sil3",10,181,18.1,132.086143063852
"378","Zackenberg",2013,"SIL","Sil4",1,318,318,146.076003191763
"379","Zackenberg",2014,"CAS","Cas1",2,152,76,160.558024212538
"380","Zackenberg",2014,"CAS","Cas2",3,229,76.33,160.229765036634
"381","Zackenberg",2014,"CAS","Cas3",2,226,113,164.577972403229
"382","Zackenberg",2014,"CAS","Cas4",3,268,89.33,166.948708747945
"383","Zackenberg",2014,"DRY","Dry1",4,179,44.75,147.875618915912
"384","Zackenberg",2014,"DRY","Dry2",60,140,2.33,175.758444841799
"385","Zackenberg",2014,"DRY","Dry3",2,49,24.5,160.760399624333
"386","Zackenberg",2014,"DRY","Dry4",6,106,17.67,159.317042877679
"387","Zackenberg",2014,"DRY","Dry5",6,240,40,158.408414787749
"388","Zackenberg",2014,"DRY","Dry6",91,241,2.65,175.524509632618
"389","Zackenberg",2014,"PAP","Pap1",105,12,0.11,161.199747816942
"390","Zackenberg",2014,"PAP","Pap2",150,164,1.09,172.139592107535
"391","Zackenberg",2014,"PAP","Pap3",90,53,0.59,168.12618513255
"392","Zackenberg",2014,"PAP","Pap4",91,23,0.25,175.524509632618
"393","Zackenberg",2014,"SAX","Sax1",7,133,19,148.978746489449
"394","Zackenberg",2014,"SAX","Sax2",6,161,26.83,149.804090511604
"395","Zackenberg",2014,"SAX","Sax3",10,249,24.9,152.786027961261
"396","Zackenberg",2014,"SIL","Sil1",7,214,30.57,148.978746489449
"397","Zackenberg",2014,"SIL","Sil2",6,152,25.33,149.804090511604
"398","Zackenberg",2014,"SIL","Sil3",10,60,6,152.786027961261
"399","Zackenberg",2014,"SIL","Sil4",1,431,431,169.885009729754
"400","Zackenberg",2015,"CAS","Cas1",2,123,61.5,169.651360830742
"401","Zackenberg",2015,"CAS","Cas2",3,89,29.67,172.963104935314
"402","Zackenberg",2015,"CAS","Cas3",2,176,88,172.700938628159
"403","Zackenberg",2015,"CAS","Cas4",3,54,18,174.895750815608
"404","Zackenberg",2015,"DRY","Dry1",4,375,93.75,160.939554645993
"405","Zackenberg",2015,"DRY","Dry2",60,41,0.68,182.036233480585
"406","Zackenberg",2015,"DRY","Dry3",2,152,76,162.2078081775
"407","Zackenberg",2015,"DRY","Dry4",6,135,22.5,167.700785680641
"408","Zackenberg",2015,"DRY","Dry5",6,408,68,165.530696202405
"409","Zackenberg",2015,"DRY","Dry6",91,97,1.07,183.30480044695
"410","Zackenberg",2015,"PAP","Pap1",105,28,0.27,171.348707477389
"411","Zackenberg",2015,"PAP","Pap2",150,98,0.65,176.384787757386
"412","Zackenberg",2015,"PAP","Pap3",90,111,1.23,173.995066711907
"413","Zackenberg",2015,"PAP","Pap4",91,30,0.33,183.30480044695
"414","Zackenberg",2015,"SAX","Sax1",7,518,74,161.947663653197
"415","Zackenberg",2015,"SAX","Sax2",6,263,43.83,163.102972340718
"416","Zackenberg",2015,"SAX","Sax3",10,667,66.7,164.053616255388
"417","Zackenberg",2015,"SIL","Sil1",7,871,124.43,161.563086028596
"418","Zackenberg",2015,"SIL","Sil2",6,177,29.5,163.287382734767
"419","Zackenberg",2015,"SIL","Sil3",10,585,58.5,164.053616255388
"420","Zackenberg",2015,"SIL","Sil4",1,801,801,176.967256911617
"421","Zackenberg",2016,"CAS","Cas1",2,582,291,160.025552187094
"422","Zackenberg",2016,"CAS","Cas2",3,170,56.67,162.165753640295
"423","Zackenberg",2016,"CAS","Cas3",2,177,88.5,162.61269344664
"424","Zackenberg",2016,"CAS","Cas4",3,25,8.33,168.413098332157
"425","Zackenberg",2016,"DRY","Dry1",4,549,137.25,NA
"426","Zackenberg",2016,"DRY","Dry2",60,69,1.15,172.487772483309
"427","Zackenberg",2016,"DRY","Dry3",2,406,203,NA
"428","Zackenberg",2016,"DRY","Dry4",6,267,44.5,160.536897573548
"429","Zackenberg",2016,"DRY","Dry5",6,645,107.5,158.7
"430","Zackenberg",2016,"DRY","Dry6",91,152,1.67,170.330682538261
"431","Zackenberg",2016,"PAP","Pap1",105,17,0.16,161.753617728532
"432","Zackenberg",2016,"PAP","Pap2",150,51,0.34,166.318572268429
"433","Zackenberg",2016,"PAP","Pap3",90,82,0.91,167.786175195533
"434","Zackenberg",2016,"PAP","Pap4",91,23,0.25,170.330682538261
"435","Zackenberg",2016,"SAX","Sax1",7,243,34.71,NA
"436","Zackenberg",2016,"SAX","Sax2",6,285,47.5,NA
"437","Zackenberg",2016,"SAX","Sax3",10,545,54.5,NA
"438","Zackenberg",2016,"SIL","Sil1",7,864,123.43,NA
"439","Zackenberg",2016,"SIL","Sil2",6,375,62.5,NA
"440","Zackenberg",2016,"SIL","Sil3",10,488,48.8,NA
"441","Zackenberg",2016,"SIL","Sil4",1,750,750,169.96273556357
"442","Zackenberg",2017,"CAS","Cas1",2,327,163.5,158.304241470994
"443","Zackenberg",2017,"CAS","Cas2",3,1204,401.33,162.75464594861
"444","Zackenberg",2017,"CAS","Cas3",2,667,333.5,161.607161121821
"445","Zackenberg",2017,"CAS","Cas4",3,772,257.33,165.668011944061
"446","Zackenberg",2017,"DRY","Dry1",4,763,190.75,NA
"447","Zackenberg",2017,"DRY","Dry2",60,88,1.47,171.28682907895
"448","Zackenberg",2017,"DRY","Dry3",2,568,284,158.090723962927
"449","Zackenberg",2017,"DRY","Dry4",6,292,48.67,151.449861803717
"450","Zackenberg",2017,"DRY","Dry5",6,703,117.17,152.856350276053
"451","Zackenberg",2017,"DRY","Dry6",91,361,3.97,171.669489684081
"452","Zackenberg",2017,"PAP","Pap1",105,14,0.13,161.47280315761
"453","Zackenberg",2017,"PAP","Pap2",150,9,0.06,169.294093456406
"454","Zackenberg",2017,"PAP","Pap3",90,40,0.44,165.379474298943
"455","Zackenberg",2017,"PAP","Pap4",91,9,0.1,171.669489684081
"456","Zackenberg",2017,"SAX","Sax1",7,225,32.14,NA
"457","Zackenberg",2017,"SAX","Sax2",6,251,41.83,NA
"458","Zackenberg",2017,"SAX","Sax3",10,681,68.1,155.949433683281
"459","Zackenberg",2017,"SIL","Sil1",7,625,89.29,NA
"460","Zackenberg",2017,"SIL","Sil2",6,172,28.67,NA
"461","Zackenberg",2017,"SIL","Sil3",10,461,46.1,155.949433683281
"462","Zackenberg",2017,"SIL","Sil4",1,836,836,169.68316373728
"463","Zackenberg",2018,"DRY","Dry1",4,601,150.25,154.293615775265
"464","Zackenberg",2018,"DRY","Dry2",60,1,0.02,166.529411764706
"465","Zackenberg",2018,"DRY","Dry3",2,184,92,170.294704407436
"466","Zackenberg",2018,"DRY","Dry4",6,197,32.83,177.892285349176
"467","Zackenberg",2018,"DRY","Dry5",6,440,73.33,170.53479750846
"468","Zackenberg",2018,"DRY","Dry6",91,12,0.13,171.25
"469","Zackenberg",2018,"PAP","Pap1",105,1,0.01,NA
"470","Zackenberg",2018,"PAP","Pap2",150,1,0.01,NA
"471","Zackenberg",2018,"PAP","Pap3",90,6,0.07,NA
"472","Zackenberg",2018,"PAP","Pap4",91,0,0,171.25
"473","Zackenberg",2018,"SAX","Sax1",7,189,27,152.815302546644
"474","Zackenberg",2018,"SAX","Sax2",6,90,15,156.778601955977
"475","Zackenberg",2018,"SAX","Sax3",10,343,34.3,162.068226055654
"476","Zackenberg",2018,"SIL","Sil1",7,329,47,152.815302546644
"477","Zackenberg",2018,"SIL","Sil2",6,72,12,156.778601955977
"478","Zackenberg",2018,"SIL","Sil3",10,216,21.6,162.068226055654
"479","Zackenberg",2018,"SIL","Sil4",1,568,568,169.315789473684
"480","Zackenberg",1996,"SAL_male","Sal1",60,807,13.45,NA
"481","Zackenberg",1996,"SAL_female","Sal1",60,1096,18.27,NA
"482","Zackenberg",1996,"SAL_male","Sal2",300,790,2.63,168.496251874063
"483","Zackenberg",1996,"SAL_female","Sal2",300,1376,4.59,168.496251874063
"484","Zackenberg",1996,"SAL_male","Sal3",36,480.666207697959,13.35,163.009829619921
"485","Zackenberg",1996,"SAL_female","Sal3",36,267.333792302041,7.43,163.009829619921
"486","Zackenberg",1996,"SAL_male","Sal4",150,1314,8.76,173.511278195489
"487","Zackenberg",1996,"SAL_female","Sal4",150,1145,7.63,173.511278195489
"488","Zackenberg",1997,"SAL_male","Sal1",60,959,15.98,NA
"489","Zackenberg",1997,"SAL_female","Sal1",60,1349,22.48,NA
"490","Zackenberg",1997,"SAL_male","Sal2",300,1082,3.61,170.908176890005
"491","Zackenberg",1997,"SAL_female","Sal2",300,1909,6.36,170.908176890005
"492","Zackenberg",1997,"SAL_male","Sal3",36,412,11.44,164.401850038725
"493","Zackenberg",1997,"SAL_female","Sal3",36,237,6.58,164.401850038725
"494","Zackenberg",1997,"SAL_male","Sal4",150,831,5.54,162.359517510591
"495","Zackenberg",1997,"SAL_female","Sal4",150,642,4.28,162.359517510591
"496","Zackenberg",1998,"SAL_male","Sal1",60,63,1.05,NA
"497","Zackenberg",1998,"SAL_female","Sal1",60,149,2.48,NA
"498","Zackenberg",1998,"SAL_male","Sal2",300,132,0.44,173.131607905278
"499","Zackenberg",1998,"SAL_female","Sal2",300,455,1.52,173.131607905278
"500","Zackenberg",1998,"SAL_male","Sal3",36,32,0.89,166.474942815243
"501","Zackenberg",1998,"SAL_female","Sal3",36,38,1.06,166.474942815243
"502","Zackenberg",1998,"SAL_male","Sal4",150,509,3.39,168.076865411621
"503","Zackenberg",1998,"SAL_female","Sal4",150,709,4.73,168.076865411621
"504","Zackenberg",1999,"SAL_male","Sal1",60,954,15.9,NA
"505","Zackenberg",1999,"SAL_female","Sal1",60,1207,20.12,NA
"506","Zackenberg",1999,"SAL_male","Sal2",300,416,1.39,178.660316689923
"507","Zackenberg",1999,"SAL_female","Sal2",300,418,1.39,178.660316689923
"508","Zackenberg",1999,"SAL_male","Sal3",36,52,1.44,176.014295925661
"509","Zackenberg",1999,"SAL_female","Sal3",36,68,1.89,176.014295925661
"510","Zackenberg",1999,"SAL_male","Sal4",150,718,4.79,174.304823345781
"511","Zackenberg",1999,"SAL_female","Sal4",150,880,5.87,174.304823345781
"512","Zackenberg",2000,"SAL_male","Sal1",60,681,11.35,NA
"513","Zackenberg",2000,"SAL_female","Sal1",60,900,15,NA
"514","Zackenberg",2000,"SAL_male","Sal2",300,55,0.18,170.756917471381
"515","Zackenberg",2000,"SAL_female","Sal2",300,95,0.32,170.756917471381
"516","Zackenberg",2000,"SAL_male","Sal3",36,330,9.17,NA
"517","Zackenberg",2000,"SAL_female","Sal3",36,137,3.81,NA
"518","Zackenberg",2000,"SAL_male","Sal4",150,965,6.43,167.388100518794
"519","Zackenberg",2000,"SAL_female","Sal4",150,796,5.31,167.388100518794
"520","Zackenberg",2001,"SAL_male","Sal1",60,536,8.93,NA
"521","Zackenberg",2001,"SAL_female","Sal1",60,1047,17.45,NA
"522","Zackenberg",2001,"SAL_male","Sal2",300,803,2.68,173.416666666667
"523","Zackenberg",2001,"SAL_female","Sal2",300,1304,4.35,173.416666666667
"524","Zackenberg",2001,"SAL_male","Sal3",36,1196,33.22,164.85072370737
"525","Zackenberg",2001,"SAL_female","Sal3",36,1009,28.03,164.85072370737
"526","Zackenberg",2001,"SAL_male","Sal4",150,680,4.53,166.927842770239
"527","Zackenberg",2001,"SAL_female","Sal4",150,858,5.72,166.927842770239
"528","Zackenberg",2002,"SAL_male","Sal1",60,1454,24.23,NA
"529","Zackenberg",2002,"SAL_female","Sal1",60,1498,24.97,NA
"530","Zackenberg",2002,"SAL_male","Sal2",300,1206,4.02,170.616085299624
"531","Zackenberg",2002,"SAL_female","Sal2",300,1816,6.05,170.616085299624
"532","Zackenberg",2002,"SAL_male","Sal3",36,344,9.56,163.985675779537
"533","Zackenberg",2002,"SAL_female","Sal3",36,315,8.75,163.985675779537
"534","Zackenberg",2002,"SAL_male","Sal4",150,1589,10.59,167.324648891994
"535","Zackenberg",2002,"SAL_female","Sal4",150,1308,8.72,167.324648891994
"536","Zackenberg",2003,"SAL_male","Sal1",60,1931,32.18,NA
"537","Zackenberg",2003,"SAL_female","Sal1",60,2159,35.98,NA
"538","Zackenberg",2003,"SAL_male","Sal2",300,967,3.22,170.663570096627
"539","Zackenberg",2003,"SAL_female","Sal2",300,1638,5.46,170.663570096627
"540","Zackenberg",2003,"SAL_male","Sal3",36,621,17.25,154.441326530612
"541","Zackenberg",2003,"SAL_female","Sal3",36,333,9.25,154.441326530612
"542","Zackenberg",2003,"SAL_male","Sal4",150,1751,11.67,169.536026153056
"543","Zackenberg",2003,"SAL_female","Sal4",150,1418,9.45,169.536026153056
"544","Zackenberg",2003,"SAL_male","Sal5",150,612,4.08,170.180323170056
"545","Zackenberg",2003,"SAL_female","Sal5",150,839,5.59,170.180323170056
"546","Zackenberg",2003,"SAL_female","Sal6",150,1145,7.63,NA
"547","Zackenberg",2003,"SAL_male","Sal7",60,494,8.23,173.042010259074
"548","Zackenberg",2003,"SAL_female","Sal7",60,371,6.18,173.042010259074
"549","Zackenberg",2004,"SAL_male","Sal1",60,1127,18.78,NA
"550","Zackenberg",2004,"SAL_female","Sal1",60,1606,26.77,NA
"551","Zackenberg",2004,"SAL_male","Sal2",300,1276,4.25,167.712160926547
"552","Zackenberg",2004,"SAL_female","Sal2",300,1862,6.21,167.712160926547
"553","Zackenberg",2004,"SAL_male","Sal3",36,693,19.25,NA
"554","Zackenberg",2004,"SAL_female","Sal3",36,476,13.22,NA
"555","Zackenberg",2004,"SAL_male","Sal4",150,1984,13.23,165.426778363963
"556","Zackenberg",2004,"SAL_female","Sal4",150,1755,11.7,165.426778363963
"557","Zackenberg",2004,"SAL_male","Sal5",150,844,5.63,169.27951678569
"558","Zackenberg",2004,"SAL_female","Sal5",150,1314,8.76,169.27951678569
"559","Zackenberg",2004,"SAL_male","Sal6",150,2162,14.41,174.9
"560","Zackenberg",2004,"SAL_female","Sal6",150,2736,18.24,174.9
"561","Zackenberg",2004,"SAL_male","Sal7",60,621,10.35,174.672205385559
"562","Zackenberg",2004,"SAL_female","Sal7",60,512,8.53,174.672205385559
"563","Zackenberg",2005,"SAL_male","Sal1",60,375,6.25,NA
"564","Zackenberg",2005,"SAL_female","Sal1",60,386,6.43,NA
"565","Zackenberg",2005,"SAL_male","Sal2",300,737,2.46,161.35128869166
"566","Zackenberg",2005,"SAL_female","Sal2",300,1089,3.63,161.35128869166
"567","Zackenberg",2005,"SAL_male","Sal3",36,285,7.92,137.309394821995
"568","Zackenberg",2005,"SAL_female","Sal3",36,188,5.22,137.309394821995
"569","Zackenberg",2005,"SAL_male","Sal4",150,1317,8.78,157.434890703518
"570","Zackenberg",2005,"SAL_female","Sal4",150,1038,6.92,157.434890703518
"571","Zackenberg",2005,"SAL_male","Sal5",150,945,6.3,162.403733156039
"572","Zackenberg",2005,"SAL_female","Sal5",150,1333,8.89,162.403733156039
"573","Zackenberg",2005,"SAL_male","Sal6",150,2445,16.3,168.262783975796
"574","Zackenberg",2005,"SAL_female","Sal6",150,2010,13.4,168.262783975796
"575","Zackenberg",2005,"SAL_male","Sal7",60,746,12.43,167.807297425367
"576","Zackenberg",2005,"SAL_female","Sal7",60,705,11.75,167.807297425367
"577","Zackenberg",2006,"SAL_male","Sal1",60,183,3.05,132.575183867981
"578","Zackenberg",2006,"SAL_female","Sal1",60,303,5.05,132.575183867981
"579","Zackenberg",2006,"SAL_male","Sal2",300,654,2.18,175
"580","Zackenberg",2006,"SAL_female","Sal2",300,1076,3.59,175
"581","Zackenberg",2006,"SAL_male","Sal3",36,204,5.67,165.497933990069
"582","Zackenberg",2006,"SAL_female","Sal3",36,129,3.58,165.497933990069
"583","Zackenberg",2006,"SAL_male","Sal4",150,1509,10.06,166.903347509827
"584","Zackenberg",2006,"SAL_female","Sal4",150,906,6.04,166.903347509827
"585","Zackenberg",2006,"SAL_male","Sal5",150,1053,7.02,175.217487094543
"586","Zackenberg",2006,"SAL_female","Sal5",150,1366,9.11,175.217487094543
"587","Zackenberg",2006,"SAL_male","Sal6",150,591,3.94,178.698603348472
"588","Zackenberg",2006,"SAL_female","Sal6",150,947,6.31,178.698603348472
"589","Zackenberg",2006,"SAL_male","Sal7",60,287,4.78,182.559462238594
"590","Zackenberg",2006,"SAL_female","Sal7",60,180,3,182.559462238594
"591","Zackenberg",2007,"SAL_male","Sal1",60,184,3.07,NA
"592","Zackenberg",2007,"SAL_female","Sal1",60,241,4.02,NA
"593","Zackenberg",2007,"SAL_male","Sal2",300,321.569118644434,1.07,163.876696559019
"594","Zackenberg",2007,"SAL_female","Sal2",300,388.430881355566,1.29,163.876696559019
"595","Zackenberg",2007,"SAL_male","Sal3",36,169,4.69,154.981719927851
"596","Zackenberg",2007,"SAL_female","Sal3",36,154,4.28,154.981719927851
"597","Zackenberg",2007,"SAL_male","Sal4",150,1120.50060299597,7.47,158.595255513272
"598","Zackenberg",2007,"SAL_female","Sal4",150,825.499397004032,5.5,158.595255513272
"599","Zackenberg",2007,"SAL_male","Sal5",150,425.592057320198,2.84,163.467363577252
"600","Zackenberg",2007,"SAL_female","Sal5",150,528.407942679802,3.52,163.467363577252
"601","Zackenberg",2007,"SAL_male","Sal6",150,525,3.5,166.782248037823
"602","Zackenberg",2007,"SAL_female","Sal6",150,1085,7.23,166.782248037823
"603","Zackenberg",2007,"SAL_male","Sal7",60,359.895186922918,6,170.592293954463
"604","Zackenberg",2007,"SAL_female","Sal7",60,266.104813077082,4.44,170.592293954463
"605","Zackenberg",2008,"SAL_male","Sal1",60,2,0.03,142.84741148308
"606","Zackenberg",2008,"SAL_female","Sal1",60,3,0.05,142.84741148308
"607","Zackenberg",2008,"SAL_male","Sal2",300,758,2.53,165.372151561972
"608","Zackenberg",2008,"SAL_female","Sal2",300,506,1.69,165.372151561972
"609","Zackenberg",2008,"SAL_male","Sal3",36,492,13.67,161.791328556281
"610","Zackenberg",2008,"SAL_female","Sal3",36,332,9.22,161.791328556281
"611","Zackenberg",2008,"SAL_male","Sal4",150,1894,12.63,161.166883541456
"612","Zackenberg",2008,"SAL_female","Sal4",150,1768,11.79,161.166883541456
"613","Zackenberg",2008,"SAL_male","Sal5",150,831,5.54,171.336662880843
"614","Zackenberg",2008,"SAL_female","Sal5",150,1209,8.06,171.336662880843
"615","Zackenberg",2008,"SAL_male","Sal6",150,1565,10.43,172.279304357226
"616","Zackenberg",2008,"SAL_female","Sal6",150,2401,16.01,172.279304357226
"617","Zackenberg",2008,"SAL_male","Sal7",60,515,8.58,173.00322336744
"618","Zackenberg",2008,"SAL_female","Sal7",60,570,9.5,173.00322336744
"619","Zackenberg",2009,"SAL_male","Sal1",60,243,4.05,NA
"620","Zackenberg",2009,"SAL_female","Sal1",60,234,3.9,NA
"621","Zackenberg",2009,"SAL_male","Sal2",300,304,1.01,146.527512939254
"622","Zackenberg",2009,"SAL_female","Sal2",300,570,1.9,146.527512939254
"623","Zackenberg",2009,"SAL_male","Sal3",36,40,1.11,135.110317975341
"624","Zackenberg",2009,"SAL_female","Sal3",36,51,1.42,135.110317975341
"625","Zackenberg",2009,"SAL_male","Sal4",150,1414,9.43,145.379399063712
"626","Zackenberg",2009,"SAL_female","Sal4",150,1529,10.19,145.379399063712
"627","Zackenberg",2009,"SAL_male","Sal5",150,529.468109863713,3.53,146.808478086331
"628","Zackenberg",2009,"SAL_female","Sal5",150,687.531890136287,4.58,146.808478086331
"629","Zackenberg",2009,"SAL_male","Sal6",150,137,0.91,146.909127731308
"630","Zackenberg",2009,"SAL_female","Sal6",150,404,2.69,146.909127731308
"631","Zackenberg",2009,"SAL_male","Sal7",60,274,4.57,153.269405881409
"632","Zackenberg",2009,"SAL_female","Sal7",60,318,5.3,153.269405881409
"633","Zackenberg",2010,"SAL_male","Sal1",60,872.3622984823,14.54,NA
"634","Zackenberg",2010,"SAL_female","Sal1",60,1179.6377015177,19.66,NA
"635","Zackenberg",2010,"SAL_male","Sal2",300,524.263656174595,1.75,159.811796551499
"636","Zackenberg",2010,"SAL_female","Sal2",300,1513.7363438254,5.05,159.811796551499
"637","Zackenberg",2010,"SAL_male","Sal3",36,294,8.17,149.236893404868
"638","Zackenberg",2010,"SAL_female","Sal3",36,261,7.25,149.236893404868
"639","Zackenberg",2010,"SAL_male","Sal4",150,1125.91106435044,7.51,158.232571339979
"640","Zackenberg",2010,"SAL_female","Sal4",150,816.088935649558,5.44,158.232571339979
"641","Zackenberg",2010,"SAL_male","Sal5",150,287,1.91,161.652813066189
"642","Zackenberg",2010,"SAL_female","Sal5",150,526,3.51,161.652813066189
"643","Zackenberg",2010,"SAL_male","Sal6",150,447,2.98,163.068092650679
"644","Zackenberg",2010,"SAL_female","Sal6",150,1875,12.5,163.068092650679
"645","Zackenberg",2010,"SAL_male","Sal7",60,172,2.87,167.588384336874
"646","Zackenberg",2010,"SAL_female","Sal7",60,207,3.45,167.588384336874
"647","Zackenberg",2011,"SAL_male","Sal1",60,207,3.45,NA
"648","Zackenberg",2011,"SAL_female","Sal1",60,425,7.08,NA
"649","Zackenberg",2011,"SAL_male","Sal2",300,593.665549638058,1.98,158.27963855382
"650","Zackenberg",2011,"SAL_female","Sal2",300,885.334450361942,2.95,158.27963855382
"651","Zackenberg",2011,"SAL_male","Sal3",36,194,5.39,144.941402041019
"652","Zackenberg",2011,"SAL_female","Sal3",36,183,5.08,144.941402041019
"653","Zackenberg",2011,"SAL_male","Sal4",150,2311.13641845418,15.41,154.918514001784
"654","Zackenberg",2011,"SAL_female","Sal4",150,1442.86358154582,9.62,154.918514001784
"655","Zackenberg",2011,"SAL_male","Sal5",150,987.036100310347,6.58,158.878270339186
"656","Zackenberg",2011,"SAL_female","Sal5",150,1087.96389968965,7.25,158.878270339186
"657","Zackenberg",2011,"SAL_male","Sal6",150,2264,15.09,162.317333018831
"658","Zackenberg",2011,"SAL_female","Sal6",150,3599,23.99,162.317333018831
"659","Zackenberg",2011,"SAL_male","Sal7",60,405,6.75,165.403584420871
"660","Zackenberg",2011,"SAL_female","Sal7",60,548,9.13,165.403584420871
"661","Zackenberg",2012,"SAL_male","Sal1",60,793.339630104848,13.22,140.935471285928
"662","Zackenberg",2012,"SAL_female","Sal1",60,1076.66036989515,17.94,140.935471285928
"663","Zackenberg",2012,"SAL_male","Sal2",300,697,2.32,164.984853525436
"664","Zackenberg",2012,"SAL_female","Sal2",300,1069,3.56,164.984853525436
"665","Zackenberg",2012,"SAL_male","Sal3",36,573.663453885714,15.94,159.069676466662
"666","Zackenberg",2012,"SAL_female","Sal3",36,323.336546114286,8.98,159.069676466662
"667","Zackenberg",2012,"SAL_male","Sal4",150,1121.50060299597,7.48,153.020156744479
"668","Zackenberg",2012,"SAL_female","Sal4",150,873.499397004032,5.82,153.020156744479
"669","Zackenberg",2012,"SAL_male","Sal5",150,954,6.36,166.870828353019
"670","Zackenberg",2012,"SAL_female","Sal5",150,1170,7.8,166.870828353019
"671","Zackenberg",2012,"SAL_male","Sal6",150,2016.70708733653,13.44,172.237677184622
"672","Zackenberg",2012,"SAL_female","Sal6",150,1715.29291266347,11.44,172.237677184622
"673","Zackenberg",2012,"SAL_male","Sal7",60,982.243016665522,16.37,173.124652452305
"674","Zackenberg",2012,"SAL_female","Sal7",60,1002.75698333448,16.71,173.124652452305
"675","Zackenberg",2013,"SAL_male","Sal1",60,784.671704083878,13.08,131.165147555957
"676","Zackenberg",2013,"SAL_female","Sal1",60,962.328295916122,16.04,131.165147555957
"677","Zackenberg",2013,"SAL_male","Sal2",300,381.610924939676,1.27,146.090699133674
"678","Zackenberg",2013,"SAL_female","Sal2",300,398.389075060324,1.33,146.090699133674
"679","Zackenberg",2013,"SAL_male","Sal3",36,268.332415395918,7.45,131.317017060691
"680","Zackenberg",2013,"SAL_female","Sal3",36,149.667584604082,4.16,131.317017060691
"681","Zackenberg",2013,"SAL_male","Sal4",150,1271.50060299597,8.48,133.691032779175
"682","Zackenberg",2013,"SAL_female","Sal4",150,1088.49939700403,7.26,133.691032779175
"683","Zackenberg",2013,"SAL_male","Sal5",150,332.444042990149,2.22,146.608643097424
"684","Zackenberg",2013,"SAL_female","Sal5",150,436.555957009851,2.91,146.608643097424
"685","Zackenberg",2013,"SAL_male","Sal6",150,1366.41417467306,9.11,147.507550455651
"686","Zackenberg",2013,"SAL_female","Sal6",150,1570.58582532694,10.47,147.507550455651
"687","Zackenberg",2014,"SAL_male","Sal1",60,183.003778062909,3.05,145.173850159097
"688","Zackenberg",2014,"SAL_female","Sal1",60,335.996221937091,5.6,145.173850159097
"689","Zackenberg",2014,"SAL_male","Sal2",300,591.331099276117,1.97,166.548662804202
"690","Zackenberg",2014,"SAL_female","Sal2",300,909.668900723883,3.03,166.548662804202
"691","Zackenberg",2014,"SAL_male","Sal3",36,60.3324153959182,1.68,159.048785201818
"692","Zackenberg",2014,"SAL_female","Sal3",36,31.6675846040818,0.88,159.048785201818
"693","Zackenberg",2014,"SAL_male","Sal4",150,1026.27404290029,6.84,163.935334986767
"694","Zackenberg",2014,"SAL_female","Sal4",150,722.725957099706,4.82,163.935334986767
"695","Zackenberg",2014,"SAL_male","Sal5",150,1135.71239168802,7.57,172.139592107535
"696","Zackenberg",2014,"SAL_female","Sal5",150,1618.28760831198,10.79,172.139592107535
"697","Zackenberg",2014,"SAL_male","Sal6",150,2502.89474245821,16.69,173.807581147176
"698","Zackenberg",2014,"SAL_female","Sal6",150,4014.10525754179,26.76,173.807581147176
"699","Zackenberg",2014,"SAL_male","Sal7",60,226.720498461116,3.78,175.758444841799
"700","Zackenberg",2014,"SAL_female","Sal7",60,478.279501538884,7.97,175.758444841799
"701","Zackenberg",2015,"SAL_male","Sal1",60,2030.55667094363,33.84,158.03836243566
"702","Zackenberg",2015,"SAL_female","Sal1",60,2854.44332905637,47.57,158.03836243566
"703","Zackenberg",2015,"SAL_male","Sal2",300,827.691186444337,2.76,175.276521855134
"704","Zackenberg",2015,"SAL_female","Sal2",300,1103.30881355566,3.68,175.276521855134
"705","Zackenberg",2015,"SAL_male","Sal3",36,415.498623093877,11.54,168.168370966862
"706","Zackenberg",2015,"SAL_female","Sal3",36,230.501376906123,6.4,168.168370966862
"707","Zackenberg",2015,"SAL_male","Sal4",150,1710.63883043805,11.4,167.274771192305
"708","Zackenberg",2015,"SAL_female","Sal4",150,1086.36116956195,7.24,167.274771192305
"709","Zackenberg",2015,"SAL_male","Sal5",150,550.75210508703,3.67,176.384787757386
"710","Zackenberg",2015,"SAL_female","Sal5",150,723.24789491297,4.82,176.384787757386
"711","Zackenberg",2015,"SAL_male","Sal6",150,510.591358086283,3.4,181.803786338784
"712","Zackenberg",2015,"SAL_female","Sal6",150,432.408641913717,2.88,181.803786338784
"713","Zackenberg",2015,"SAL_male","Sal7",60,28,0.47,182.036233480585
"714","Zackenberg",2015,"SAL_female","Sal7",60,30,0.5,182.036233480585
"715","Zackenberg",2016,"SAL_male","Sal1",60,2423.45675005502,40.39,NA
"716","Zackenberg",2016,"SAL_female","Sal1",60,3343.54324994498,55.73,NA
"717","Zackenberg",2016,"SAL_male","Sal2",300,574.192861987249,1.91,163.539131101628
"718","Zackenberg",2016,"SAL_female","Sal2",300,1314.80713801275,4.38,163.539131101628
"719","Zackenberg",2016,"SAL_male","Sal3",36,1123.99724618775,31.22,158.044030760862
"720","Zackenberg",2016,"SAL_female","Sal3",36,684.002753812245,19,158.044030760862
"721","Zackenberg",2016,"SAL_male","Sal4",150,1955.50542696371,13.04,160.262987204816
"722","Zackenberg",2016,"SAL_female","Sal4",150,2467.49457303629,16.45,160.262987204816
"723","Zackenberg",2016,"SAL_male","Sal5",150,521.220214950743,3.47,166.318572268429
"724","Zackenberg",2016,"SAL_female","Sal5",150,979.779785049257,6.53,166.318572268429
"725","Zackenberg",2016,"SAL_male","Sal6",150,466.505532759341,3.11,169.614474257857
"726","Zackenberg",2016,"SAL_female","Sal6",150,636.494467240659,4.24,169.614474257857
"727","Zackenberg",2016,"SAL_male","Sal7",60,60.953416410186,1.02,172.487772483309
"728","Zackenberg",2016,"SAL_female","Sal7",60,59.046583589814,0.98,172.487772483309
"729","Zackenberg",2017,"SAL_male","Sal1",60,371.018890314544,6.18,NA
"730","Zackenberg",2017,"SAL_female","Sal1",60,475.981109685456,7.93,NA
"731","Zackenberg",2017,"SAL_male","Sal2",300,496.790968523786,1.66,162.227112765733
"732","Zackenberg",2017,"SAL_female","Sal2",300,917.209031476214,3.06,162.227112765733
"733","Zackenberg",2017,"SAL_male","Sal3",36,8,0.22,156.084183546803
"734","Zackenberg",2017,"SAL_female","Sal3",36,5,0.14,156.084183546803
"735","Zackenberg",2017,"SAL_male","Sal4",150,1335.32031971298,8.9,163.420194517738
"736","Zackenberg",2017,"SAL_female","Sal4",150,1296.67968028702,8.64,163.420194517738
"737","Zackenberg",2017,"SAL_male","Sal6",150,1264.85989958579,8.43,169.514281413255
"738","Zackenberg",2017,"SAL_female","Sal6",150,1734.14010041421,11.56,169.514281413255
"739","Zackenberg",2017,"SAL_male","Sal7",60,170.685560768755,2.84,171.28682907895
"740","Zackenberg",2017,"SAL_female","Sal7",60,210.314439231245,3.51,171.28682907895
"741","Zackenberg",2018,"SAL_female","Sal1",60,41,0.68,152.037847002335
"742","Zackenberg",2018,"SAL_male","Sal2",300,864.829423733204,2.88,187.714348464403
"743","Zackenberg",2018,"SAL_female","Sal2",300,802.170576266796,2.67,187.714348464403
"744","Zackenberg",2018,"SAL_male","Sal3",36,92,2.56,176.411377925118
"745","Zackenberg",2018,"SAL_female","Sal3",36,13,0.36,176.411377925118
"746","Zackenberg",2018,"SAL_male","Sal4",150,1192.36900850954,7.95,179.63840741552
"747","Zackenberg",2018,"SAL_female","Sal4",150,722.630991490465,4.82,179.63840741552
"748","Zackenberg",2018,"SAL_male","Sal6",150,4275.43438916542,28.5,171.571428571429
"749","Zackenberg",2018,"SAL_female","Sal6",150,3142.56561083458,20.95,171.571428571429
"750","Zackenberg",2018,"SAL_male","Sal7",60,563.507777944948,9.39,166.529411764706
"751","Zackenberg",2018,"SAL_female","Sal7",60,338.492222055052,5.64,166.529411764706
