"","Site","Year","Species","Plot","Plot_size","TotalFlower","Flow_m2"
"1","Zackenberg",1996,"CAS","Cas1",2,1388,694
"2","Zackenberg",1996,"CAS","Cas2",3,1760,586.67
"3","Zackenberg",1996,"CAS","Cas3",2,844,422
"4","Zackenberg",1996,"CAS","Cas4",3,1788,596
"5","Zackenberg",1996,"DRY","Dry1",4,537,134.25
"6","Zackenberg",1996,"DRY","Dry2",60,1073,17.88
"7","Zackenberg",1996,"DRY","Dry3",2,522,261
"8","Zackenberg",1996,"DRY","Dry4",6,142,23.67
"9","Zackenberg",1996,"DRY","Dry5",6,258,43
"10","Zackenberg",1996,"DRY","Dry6",91,1406,15.45
"11","Zackenberg",1996,"PAP","Pap1",105,673,6.41
"12","Zackenberg",1996,"PAP","Pap2",150,1089,7.26
"13","Zackenberg",1996,"PAP","Pap3",90,478,5.31
"14","Zackenberg",1996,"PAP","Pap4",91,337,3.7
"15","Zackenberg",1996,"SAX","Sax1",7,566,80.86
"16","Zackenberg",1996,"SAX","Sax2",6,513,85.5
"17","Zackenberg",1996,"SAX","Sax3",10,529,52.9
"18","Zackenberg",1996,"SIL","Sil1",7,251,35.86
"19","Zackenberg",1996,"SIL","Sil2",6,493,82.17
"20","Zackenberg",1996,"SIL","Sil3",10,348,34.8
"21","Zackenberg",1996,"SIL","Sil4",1,270,270
"22","Zackenberg",1997,"CAS","Cas1",2,1855,927.5
"23","Zackenberg",1997,"CAS","Cas2",3,550,183.33
"24","Zackenberg",1997,"CAS","Cas3",2,789,394.5
"25","Zackenberg",1997,"CAS","Cas4",3,391,130.33
"26","Zackenberg",1997,"DRY","Dry1",4,166,41.5
"27","Zackenberg",1997,"DRY","Dry2",60,230,3.83
"28","Zackenberg",1997,"DRY","Dry3",2,104,52
"29","Zackenberg",1997,"DRY","Dry4",6,155,25.83
"30","Zackenberg",1997,"DRY","Dry5",6,123,20.5
"31","Zackenberg",1997,"DRY","Dry6",91,691,7.59
"32","Zackenberg",1997,"PAP","Pap1",105,265,2.52
"33","Zackenberg",1997,"PAP","Pap2",150,848,5.65
"34","Zackenberg",1997,"PAP","Pap3",90,289,3.21
"35","Zackenberg",1997,"PAP","Pap4",91,192,2.11
"36","Zackenberg",1997,"SAX","Sax1",7,141,20.14
"37","Zackenberg",1997,"SAX","Sax2",6,387,64.5
"38","Zackenberg",1997,"SAX","Sax3",10,322,32.2
"39","Zackenberg",1997,"SIL","Sil1",7,403,57.57
"40","Zackenberg",1997,"SIL","Sil2",6,524,87.33
"41","Zackenberg",1997,"SIL","Sil3",10,211,21.1
"42","Zackenberg",1997,"SIL","Sil4",1,493,493
"43","Zackenberg",1998,"CAS","Cas1",2,322,161
"44","Zackenberg",1998,"CAS","Cas2",3,19,6.33
"45","Zackenberg",1998,"CAS","Cas3",2,35,17.5
"46","Zackenberg",1998,"CAS","Cas4",3,25,8.33
"47","Zackenberg",1998,"DRY","Dry1",4,223,55.75
"48","Zackenberg",1998,"DRY","Dry2",60,42,0.7
"49","Zackenberg",1998,"DRY","Dry3",2,255,127.5
"50","Zackenberg",1998,"DRY","Dry4",6,69,11.5
"51","Zackenberg",1998,"DRY","Dry5",6,191,31.83
"52","Zackenberg",1998,"DRY","Dry6",91,10,0.11
"53","Zackenberg",1998,"PAP","Pap1",105,190,1.81
"54","Zackenberg",1998,"PAP","Pap2",150,316,2.11
"55","Zackenberg",1998,"PAP","Pap3",90,266,2.96
"56","Zackenberg",1998,"PAP","Pap4",91,80,0.88
"57","Zackenberg",1998,"SAX","Sax1",7,163,23.29
"58","Zackenberg",1998,"SAX","Sax2",6,432,72
"59","Zackenberg",1998,"SAX","Sax3",10,288,28.8
"60","Zackenberg",1998,"SIL","Sil1",7,437,62.43
"61","Zackenberg",1998,"SIL","Sil2",6,440,73.33
"62","Zackenberg",1998,"SIL","Sil3",10,127,12.7
"63","Zackenberg",1998,"SIL","Sil4",1,312,312
"64","Zackenberg",1999,"CAS","Cas1",2,312,156
"65","Zackenberg",1999,"CAS","Cas2",3,16,5.33
"66","Zackenberg",1999,"CAS","Cas3",2,18,9
"67","Zackenberg",1999,"CAS","Cas4",3,7,2.33
"68","Zackenberg",1999,"DRY","Dry1",4,852,213
"69","Zackenberg",1999,"DRY","Dry2",60,49,0.82
"70","Zackenberg",1999,"DRY","Dry3",2,437,218.5
"71","Zackenberg",1999,"DRY","Dry4",6,356,59.33
"72","Zackenberg",1999,"DRY","Dry5",6,655,109.17
"73","Zackenberg",1999,"DRY","Dry6",91,25,0.27
"74","Zackenberg",1999,"PAP","Pap1",105,220,2.1
"75","Zackenberg",1999,"PAP","Pap2",150,315,2.1
"76","Zackenberg",1999,"PAP","Pap3",90,183,2.03
"77","Zackenberg",1999,"PAP","Pap4",91,30,0.33
"78","Zackenberg",1999,"SAX","Sax1",7,584,83.43
"79","Zackenberg",1999,"SAX","Sax2",6,158,26.33
"80","Zackenberg",1999,"SAX","Sax3",10,707,70.7
"81","Zackenberg",1999,"SIL","Sil1",7,993,141.86
"82","Zackenberg",1999,"SIL","Sil2",6,400,66.67
"83","Zackenberg",1999,"SIL","Sil3",10,313,31.3
"84","Zackenberg",1999,"SIL","Sil4",1,275,275
"85","Zackenberg",2000,"CAS","Cas1",2,28,14
"86","Zackenberg",2000,"CAS","Cas2",3,8,2.67
"87","Zackenberg",2000,"CAS","Cas3",2,0,0
"88","Zackenberg",2000,"CAS","Cas4",3,3,1
"89","Zackenberg",2000,"DRY","Dry1",4,607,151.75
"90","Zackenberg",2000,"DRY","Dry2",60,46,0.77
"91","Zackenberg",2000,"DRY","Dry3",2,266,133
"92","Zackenberg",2000,"DRY","Dry4",6,64,10.67
"93","Zackenberg",2000,"DRY","Dry5",6,312,52
"94","Zackenberg",2000,"DRY","Dry6",91,140,1.54
"95","Zackenberg",2000,"PAP","Pap1",105,197,1.88
"96","Zackenberg",2000,"PAP","Pap2",150,236,1.57
"97","Zackenberg",2000,"PAP","Pap3",90,240,2.67
"98","Zackenberg",2000,"PAP","Pap4",91,35,0.38
"99","Zackenberg",2000,"SAX","Sax1",7,1552,221.71
"100","Zackenberg",2000,"SAX","Sax2",6,387,64.5
"101","Zackenberg",2000,"SAX","Sax3",10,403,40.3
"102","Zackenberg",2000,"SIL","Sil1",7,1327,189.57
"103","Zackenberg",2000,"SIL","Sil2",6,692,115.33
"104","Zackenberg",2000,"SIL","Sil3",10,274,27.4
"105","Zackenberg",2000,"SIL","Sil4",1,358,358
"106","Zackenberg",2001,"CAS","Cas1",2,1711,855.5
"107","Zackenberg",2001,"CAS","Cas2",3,1353,451
"108","Zackenberg",2001,"CAS","Cas3",2,771,385.5
"109","Zackenberg",2001,"CAS","Cas4",3,578,192.67
"110","Zackenberg",2001,"DRY","Dry1",4,1016,254
"111","Zackenberg",2001,"DRY","Dry2",60,172,2.87
"112","Zackenberg",2001,"DRY","Dry3",2,577,288.5
"113","Zackenberg",2001,"DRY","Dry4",6,301,50.17
"114","Zackenberg",2001,"DRY","Dry5",6,506,84.33
"115","Zackenberg",2001,"DRY","Dry6",91,550,6.04
"116","Zackenberg",2001,"PAP","Pap1",105,237,2.26
"117","Zackenberg",2001,"PAP","Pap2",150,466,3.11
"118","Zackenberg",2001,"PAP","Pap3",90,259,2.88
"119","Zackenberg",2001,"PAP","Pap4",91,65,0.71
"120","Zackenberg",2001,"SAX","Sax1",7,558,79.71
"121","Zackenberg",2001,"SAX","Sax2",6,515,85.83
"122","Zackenberg",2001,"SAX","Sax3",10,558,55.8
"123","Zackenberg",2001,"SIL","Sil1",7,674,96.29
"124","Zackenberg",2001,"SIL","Sil2",6,568,94.67
"125","Zackenberg",2001,"SIL","Sil3",10,348,34.8
"126","Zackenberg",2001,"SIL","Sil4",1,462,462
"127","Zackenberg",2002,"CAS","Cas1",2,1510,755
"128","Zackenberg",2002,"CAS","Cas2",3,952,317.33
"129","Zackenberg",2002,"CAS","Cas3",2,449,224.5
"130","Zackenberg",2002,"CAS","Cas4",3,164,54.67
"131","Zackenberg",2002,"DRY","Dry1",4,627,156.75
"132","Zackenberg",2002,"DRY","Dry2",60,290,4.83
"133","Zackenberg",2002,"DRY","Dry3",2,235,117.5
"134","Zackenberg",2002,"DRY","Dry4",6,187,31.17
"135","Zackenberg",2002,"DRY","Dry5",6,268,44.67
"136","Zackenberg",2002,"DRY","Dry6",91,430,4.73
"137","Zackenberg",2002,"PAP","Pap1",105,277,2.64
"138","Zackenberg",2002,"PAP","Pap2",150,456,3.04
"139","Zackenberg",2002,"PAP","Pap3",90,301,3.34
"140","Zackenberg",2002,"PAP","Pap4",91,59,0.65
"141","Zackenberg",2002,"SAX","Sax1",7,542,77.43
"142","Zackenberg",2002,"SAX","Sax2",6,617,102.83
"143","Zackenberg",2002,"SAX","Sax3",10,318,31.8
"144","Zackenberg",2002,"SIL","Sil1",7,766,109.43
"145","Zackenberg",2002,"SIL","Sil2",6,1094,182.33
"146","Zackenberg",2002,"SIL","Sil3",10,480,48
"147","Zackenberg",2002,"SIL","Sil4",1,470,470
"148","Zackenberg",2003,"CAS","Cas1",2,851,425.5
"149","Zackenberg",2003,"CAS","Cas2",3,1001,333.67
"150","Zackenberg",2003,"CAS","Cas3",2,817,408.5
"151","Zackenberg",2003,"CAS","Cas4",3,1189,396.33
"152","Zackenberg",2003,"DRY","Dry1",4,744,186
"153","Zackenberg",2003,"DRY","Dry2",60,552,9.2
"154","Zackenberg",2003,"DRY","Dry3",2,294,147
"155","Zackenberg",2003,"DRY","Dry4",6,224,37.33
"156","Zackenberg",2003,"DRY","Dry5",6,589,98.17
"157","Zackenberg",2003,"DRY","Dry6",91,627,6.89
"158","Zackenberg",2003,"PAP","Pap1",105,278,2.65
"159","Zackenberg",2003,"PAP","Pap2",150,564,3.76
"160","Zackenberg",2003,"PAP","Pap3",90,351,3.9
"161","Zackenberg",2003,"PAP","Pap4",91,56,0.62
"162","Zackenberg",2003,"SAX","Sax1",7,1213,173.29
"163","Zackenberg",2003,"SAX","Sax2",6,561,93.5
"164","Zackenberg",2003,"SAX","Sax3",10,509,50.9
"165","Zackenberg",2003,"SIL","Sil1",7,1191,170.14
"166","Zackenberg",2003,"SIL","Sil2",6,917,152.83
"167","Zackenberg",2003,"SIL","Sil3",10,1000,100
"168","Zackenberg",2003,"SIL","Sil4",1,794,794
"169","Zackenberg",2004,"CAS","Cas1",2,2080,1040
"170","Zackenberg",2004,"CAS","Cas2",3,1745,581.67
"171","Zackenberg",2004,"CAS","Cas3",2,791,395.5
"172","Zackenberg",2004,"CAS","Cas4",3,1274,424.67
"173","Zackenberg",2004,"DRY","Dry1",4,444,111
"174","Zackenberg",2004,"DRY","Dry2",60,1174,19.57
"175","Zackenberg",2004,"DRY","Dry3",2,273,136.5
"176","Zackenberg",2004,"DRY","Dry4",6,218,36.33
"177","Zackenberg",2004,"DRY","Dry5",6,351,58.5
"178","Zackenberg",2004,"DRY","Dry6",91,1854,20.37
"179","Zackenberg",2004,"PAP","Pap1",105,286,2.72
"180","Zackenberg",2004,"PAP","Pap2",150,402,2.68
"181","Zackenberg",2004,"PAP","Pap3",90,221,2.46
"182","Zackenberg",2004,"PAP","Pap4",91,37,0.41
"183","Zackenberg",2004,"SAX","Sax1",7,463,66.14
"184","Zackenberg",2004,"SAX","Sax2",6,584,97.33
"185","Zackenberg",2004,"SAX","Sax3",10,609,60.9
"186","Zackenberg",2004,"SIL","Sil1",7,1187,169.57
"187","Zackenberg",2004,"SIL","Sil2",6,1406,234.33
"188","Zackenberg",2004,"SIL","Sil3",10,719,71.9
"189","Zackenberg",2004,"SIL","Sil4",1,509,509
"190","Zackenberg",2005,"CAS","Cas1",2,1392,696
"191","Zackenberg",2005,"CAS","Cas2",3,1204,401.33
"192","Zackenberg",2005,"CAS","Cas3",2,864,432
"193","Zackenberg",2005,"CAS","Cas4",3,1856,618.67
"194","Zackenberg",2005,"DRY","Dry1",4,392,98
"195","Zackenberg",2005,"DRY","Dry2",60,520,8.67
"196","Zackenberg",2005,"DRY","Dry3",2,200,100
"197","Zackenberg",2005,"DRY","Dry4",6,144,24
"198","Zackenberg",2005,"DRY","Dry5",6,232,38.67
"199","Zackenberg",2005,"DRY","Dry6",91,880,9.67
"200","Zackenberg",2005,"PAP","Pap1",105,207,1.97
"201","Zackenberg",2005,"PAP","Pap2",150,682,4.55
"202","Zackenberg",2005,"PAP","Pap3",90,316,3.51
"203","Zackenberg",2005,"PAP","Pap4",91,68,0.75
"204","Zackenberg",2005,"SAX","Sax1",7,159,22.71
"205","Zackenberg",2005,"SAX","Sax2",6,522,87
"206","Zackenberg",2005,"SAX","Sax3",10,241,24.1
"207","Zackenberg",2005,"SIL","Sil1",7,312,44.57
"208","Zackenberg",2005,"SIL","Sil2",6,740,123.33
"209","Zackenberg",2005,"SIL","Sil3",10,503,50.3
"210","Zackenberg",2005,"SIL","Sil4",1,483,483
"211","Zackenberg",2006,"CAS","Cas1",2,973,486.5
"212","Zackenberg",2006,"CAS","Cas2",3,593,197.67
"213","Zackenberg",2006,"CAS","Cas3",2,432,216
"214","Zackenberg",2006,"CAS","Cas4",3,520,173.33
"215","Zackenberg",2006,"DRY","Dry1",4,321,80.25
"216","Zackenberg",2006,"DRY","Dry2",60,521,8.68
"217","Zackenberg",2006,"DRY","Dry3",2,134,67
"218","Zackenberg",2006,"DRY","Dry4",6,168,28
"219","Zackenberg",2006,"DRY","Dry5",6,123,20.5
"220","Zackenberg",2006,"DRY","Dry6",91,1324,14.55
"221","Zackenberg",2006,"PAP","Pap1",105,153,1.46
"222","Zackenberg",2006,"PAP","Pap2",150,418,2.79
"223","Zackenberg",2006,"PAP","Pap3",90,234,2.6
"224","Zackenberg",2006,"PAP","Pap4",91,71,0.78
"225","Zackenberg",2006,"SAX","Sax1",7,43,6.14
"226","Zackenberg",2006,"SAX","Sax2",6,167,27.83
"227","Zackenberg",2006,"SAX","Sax3",10,150,15
"228","Zackenberg",2006,"SIL","Sil1",7,430,61.43
"229","Zackenberg",2006,"SIL","Sil2",6,540,90
"230","Zackenberg",2006,"SIL","Sil3",10,739,73.9
"231","Zackenberg",2006,"SIL","Sil4",1,312,312
"232","Zackenberg",2007,"CAS","Cas1",2,435,217.5
"233","Zackenberg",2007,"CAS","Cas2",3,300,100
"234","Zackenberg",2007,"CAS","Cas3",2,86,43
"235","Zackenberg",2007,"CAS","Cas4",3,223,74.33
"236","Zackenberg",2007,"DRY","Dry1",4,147,36.75
"237","Zackenberg",2007,"DRY","Dry2",60,561,9.35
"238","Zackenberg",2007,"DRY","Dry3",2,90,45
"239","Zackenberg",2007,"DRY","Dry4",6,181,30.17
"240","Zackenberg",2007,"DRY","Dry5",6,115,19.17
"241","Zackenberg",2007,"DRY","Dry6",91,1144,12.57
"242","Zackenberg",2007,"PAP","Pap1",105,95,0.9
"243","Zackenberg",2007,"PAP","Pap2",150,234,1.56
"244","Zackenberg",2007,"PAP","Pap3",90,233,2.59
"245","Zackenberg",2007,"PAP","Pap4",91,31,0.34
"246","Zackenberg",2007,"SAX","Sax1",7,190,27.14
"247","Zackenberg",2007,"SAX","Sax2",6,311,51.83
"248","Zackenberg",2007,"SAX","Sax3",10,394,39.4
"249","Zackenberg",2007,"SIL","Sil1",7,84,12
"250","Zackenberg",2007,"SIL","Sil2",6,268,44.67
"251","Zackenberg",2007,"SIL","Sil3",10,378,37.8
"252","Zackenberg",2007,"SIL","Sil4",1,420,420
"253","Zackenberg",2008,"CAS","Cas1",2,1183,591.5
"254","Zackenberg",2008,"CAS","Cas2",3,958,319.33
"255","Zackenberg",2008,"CAS","Cas3",2,704,352
"256","Zackenberg",2008,"CAS","Cas4",3,1340,446.67
"257","Zackenberg",2008,"DRY","Dry1",4,190,47.5
"258","Zackenberg",2008,"DRY","Dry2",60,806,13.43
"259","Zackenberg",2008,"DRY","Dry3",2,94,47
"260","Zackenberg",2008,"DRY","Dry4",6,141,23.5
"261","Zackenberg",2008,"DRY","Dry5",6,103,17.17
"262","Zackenberg",2008,"DRY","Dry6",91,1606,17.65
"263","Zackenberg",2008,"PAP","Pap1",105,80,0.76
"264","Zackenberg",2008,"PAP","Pap2",150,500,3.33
"265","Zackenberg",2008,"PAP","Pap3",90,190,2.11
"266","Zackenberg",2008,"PAP","Pap4",91,71,0.78
"267","Zackenberg",2008,"SAX","Sax1",7,124,17.71
"268","Zackenberg",2008,"SAX","Sax2",6,98,16.33
"269","Zackenberg",2008,"SAX","Sax3",10,134,13.4
"270","Zackenberg",2008,"SIL","Sil1",7,171,24.43
"271","Zackenberg",2008,"SIL","Sil2",6,267,44.5
"272","Zackenberg",2008,"SIL","Sil3",10,176,17.6
"273","Zackenberg",2008,"SIL","Sil4",1,373,373
"274","Zackenberg",2009,"CAS","Cas1",2,233,116.5
"275","Zackenberg",2009,"CAS","Cas2",3,555,185
"276","Zackenberg",2009,"CAS","Cas3",2,256,128
"277","Zackenberg",2009,"CAS","Cas4",3,437,145.67
"278","Zackenberg",2009,"DRY","Dry1",4,254,63.5
"279","Zackenberg",2009,"DRY","Dry2",60,395,6.58
"280","Zackenberg",2009,"DRY","Dry3",2,32,16
"281","Zackenberg",2009,"DRY","Dry4",6,90,15
"282","Zackenberg",2009,"DRY","Dry5",6,51,8.5
"283","Zackenberg",2009,"DRY","Dry6",91,593,6.52
"284","Zackenberg",2009,"PAP","Pap1",105,68,0.65
"285","Zackenberg",2009,"PAP","Pap2",150,341,2.27
"286","Zackenberg",2009,"PAP","Pap3",90,188,2.09
"287","Zackenberg",2009,"PAP","Pap4",91,26,0.29
"288","Zackenberg",2009,"SAX","Sax1",7,23,3.29
"289","Zackenberg",2009,"SAX","Sax2",6,123,20.5
"290","Zackenberg",2009,"SAX","Sax3",10,84,8.4
"291","Zackenberg",2009,"SIL","Sil1",7,159,22.71
"292","Zackenberg",2009,"SIL","Sil2",6,260,43.33
"293","Zackenberg",2009,"SIL","Sil3",10,168,16.8
"294","Zackenberg",2009,"SIL","Sil4",1,499,499
"295","Zackenberg",2010,"CAS","Cas1",2,431,215.5
"296","Zackenberg",2010,"CAS","Cas2",3,340,113.33
"297","Zackenberg",2010,"CAS","Cas3",2,227,113.5
"298","Zackenberg",2010,"CAS","Cas4",3,304,101.33
"299","Zackenberg",2010,"DRY","Dry1",4,334,83.5
"300","Zackenberg",2010,"DRY","Dry2",60,410,6.83
"301","Zackenberg",2010,"DRY","Dry3",2,129,64.5
"302","Zackenberg",2010,"DRY","Dry4",6,192,32
"303","Zackenberg",2010,"DRY","Dry5",6,318,53
"304","Zackenberg",2010,"DRY","Dry6",91,889,9.77
"305","Zackenberg",2010,"PAP","Pap1",105,53,0.5
"306","Zackenberg",2010,"PAP","Pap2",150,419,2.79
"307","Zackenberg",2010,"PAP","Pap3",90,150,1.67
"308","Zackenberg",2010,"PAP","Pap4",91,83,0.91
"309","Zackenberg",2010,"SAX","Sax1",7,293,41.86
"310","Zackenberg",2010,"SAX","Sax2",6,171,28.5
"311","Zackenberg",2010,"SAX","Sax3",10,506,50.6
"312","Zackenberg",2010,"SIL","Sil1",7,1085,155
"313","Zackenberg",2010,"SIL","Sil2",6,288,48
"314","Zackenberg",2010,"SIL","Sil3",10,493,49.3
"315","Zackenberg",2010,"SIL","Sil4",1,424,424
"316","Zackenberg",2011,"CAS","Cas1",2,890,445
"317","Zackenberg",2011,"CAS","Cas2",3,1045,348.33
"318","Zackenberg",2011,"CAS","Cas3",2,489,244.5
"319","Zackenberg",2011,"CAS","Cas4",3,659,219.67
"320","Zackenberg",2011,"DRY","Dry1",4,530,132.5
"321","Zackenberg",2011,"DRY","Dry2",60,483,8.05
"322","Zackenberg",2011,"DRY","Dry3",2,281,140.5
"323","Zackenberg",2011,"DRY","Dry4",6,279,46.5
"324","Zackenberg",2011,"DRY","Dry5",6,560,93.33
"325","Zackenberg",2011,"DRY","Dry6",91,1185,13.02
"326","Zackenberg",2011,"PAP","Pap1",105,84,0.8
"327","Zackenberg",2011,"PAP","Pap2",150,251,1.67
"328","Zackenberg",2011,"PAP","Pap3",90,259,2.88
"329","Zackenberg",2011,"PAP","Pap4",91,96,1.05
"330","Zackenberg",2011,"SAX","Sax1",7,108,15.43
"331","Zackenberg",2011,"SAX","Sax2",6,234,39
"332","Zackenberg",2011,"SAX","Sax3",10,540,54
"333","Zackenberg",2011,"SIL","Sil1",7,691,98.71
"334","Zackenberg",2011,"SIL","Sil2",6,489,81.5
"335","Zackenberg",2011,"SIL","Sil3",10,485,48.5
"336","Zackenberg",2011,"SIL","Sil4",1,611,611
"337","Zackenberg",2012,"CAS","Cas1",2,799,399.5
"338","Zackenberg",2012,"CAS","Cas2",3,1459,486.33
"339","Zackenberg",2012,"CAS","Cas3",2,490,245
"340","Zackenberg",2012,"CAS","Cas4",3,615,205
"341","Zackenberg",2012,"DRY","Dry1",4,533,133.25
"342","Zackenberg",2012,"DRY","Dry2",60,401,6.68
"343","Zackenberg",2012,"DRY","Dry3",2,403,201.5
"344","Zackenberg",2012,"DRY","Dry4",6,215,35.83
"345","Zackenberg",2012,"DRY","Dry5",6,571,95.17
"346","Zackenberg",2012,"DRY","Dry6",91,1351,14.85
"347","Zackenberg",2012,"PAP","Pap1",105,31,0.3
"348","Zackenberg",2012,"PAP","Pap2",150,365,2.43
"349","Zackenberg",2012,"PAP","Pap3",90,92,1.02
"350","Zackenberg",2012,"PAP","Pap4",91,92,1.01
"351","Zackenberg",2012,"SAX","Sax1",7,55,7.86
"352","Zackenberg",2012,"SAX","Sax2",6,89,14.83
"353","Zackenberg",2012,"SAX","Sax3",10,653,65.3
"354","Zackenberg",2012,"SIL","Sil1",7,603,86.14
"355","Zackenberg",2012,"SIL","Sil2",6,408,68
"356","Zackenberg",2012,"SIL","Sil3",10,406,40.6
"357","Zackenberg",2012,"SIL","Sil4",1,435,435
"358","Zackenberg",2013,"CAS","Cas1",2,148,74
"359","Zackenberg",2013,"CAS","Cas2",3,689,229.67
"360","Zackenberg",2013,"CAS","Cas3",2,193,96.5
"361","Zackenberg",2013,"CAS","Cas4",3,497,165.67
"362","Zackenberg",2013,"DRY","Dry1",4,288,72
"363","Zackenberg",2013,"DRY","Dry2",60,628,10.47
"364","Zackenberg",2013,"DRY","Dry3",2,43,21.5
"365","Zackenberg",2013,"DRY","Dry4",6,91,15.17
"366","Zackenberg",2013,"DRY","Dry5",6,342,57
"367","Zackenberg",2013,"DRY","Dry6",91,955,10.49
"368","Zackenberg",2013,"PAP","Pap1",105,28,0.27
"369","Zackenberg",2013,"PAP","Pap2",150,234,1.56
"370","Zackenberg",2013,"PAP","Pap3",90,123,1.37
"371","Zackenberg",2013,"PAP","Pap4",91,128,1.41
"372","Zackenberg",2013,"SAX","Sax1",7,270,38.57
"373","Zackenberg",2013,"SAX","Sax2",6,484,80.67
"374","Zackenberg",2013,"SAX","Sax3",10,436,43.6
"375","Zackenberg",2013,"SIL","Sil1",7,980,140
"376","Zackenberg",2013,"SIL","Sil2",6,354,59
"377","Zackenberg",2013,"SIL","Sil3",10,181,18.1
"378","Zackenberg",2013,"SIL","Sil4",1,318,318
"379","Zackenberg",2014,"CAS","Cas1",2,152,76
"380","Zackenberg",2014,"CAS","Cas2",3,229,76.33
"381","Zackenberg",2014,"CAS","Cas3",2,226,113
"382","Zackenberg",2014,"CAS","Cas4",3,268,89.33
"383","Zackenberg",2014,"DRY","Dry1",4,179,44.75
"384","Zackenberg",2014,"DRY","Dry2",60,140,2.33
"385","Zackenberg",2014,"DRY","Dry3",2,49,24.5
"386","Zackenberg",2014,"DRY","Dry4",6,106,17.67
"387","Zackenberg",2014,"DRY","Dry5",6,240,40
"388","Zackenberg",2014,"DRY","Dry6",91,241,2.65
"389","Zackenberg",2014,"PAP","Pap1",105,12,0.11
"390","Zackenberg",2014,"PAP","Pap2",150,164,1.09
"391","Zackenberg",2014,"PAP","Pap3",90,53,0.59
"392","Zackenberg",2014,"PAP","Pap4",91,23,0.25
"393","Zackenberg",2014,"SAX","Sax1",7,133,19
"394","Zackenberg",2014,"SAX","Sax2",6,161,26.83
"395","Zackenberg",2014,"SAX","Sax3",10,249,24.9
"396","Zackenberg",2014,"SIL","Sil1",7,214,30.57
"397","Zackenberg",2014,"SIL","Sil2",6,152,25.33
"398","Zackenberg",2014,"SIL","Sil3",10,60,6
"399","Zackenberg",2014,"SIL","Sil4",1,431,431
"400","Zackenberg",2015,"CAS","Cas1",2,123,61.5
"401","Zackenberg",2015,"CAS","Cas2",3,89,29.67
"402","Zackenberg",2015,"CAS","Cas3",2,176,88
"403","Zackenberg",2015,"CAS","Cas4",3,54,18
"404","Zackenberg",2015,"DRY","Dry1",4,375,93.75
"405","Zackenberg",2015,"DRY","Dry2",60,41,0.68
"406","Zackenberg",2015,"DRY","Dry3",2,152,76
"407","Zackenberg",2015,"DRY","Dry4",6,135,22.5
"408","Zackenberg",2015,"DRY","Dry5",6,408,68
"409","Zackenberg",2015,"DRY","Dry6",91,97,1.07
"410","Zackenberg",2015,"PAP","Pap1",105,28,0.27
"411","Zackenberg",2015,"PAP","Pap2",150,98,0.65
"412","Zackenberg",2015,"PAP","Pap3",90,111,1.23
"413","Zackenberg",2015,"PAP","Pap4",91,30,0.33
"414","Zackenberg",2015,"SAX","Sax1",7,518,74
"415","Zackenberg",2015,"SAX","Sax2",6,263,43.83
"416","Zackenberg",2015,"SAX","Sax3",10,667,66.7
"417","Zackenberg",2015,"SIL","Sil1",7,871,124.43
"418","Zackenberg",2015,"SIL","Sil2",6,177,29.5
"419","Zackenberg",2015,"SIL","Sil3",10,585,58.5
"420","Zackenberg",2015,"SIL","Sil4",1,801,801
"421","Zackenberg",2016,"CAS","Cas1",2,582,291
"422","Zackenberg",2016,"CAS","Cas2",3,170,56.67
"423","Zackenberg",2016,"CAS","Cas3",2,177,88.5
"424","Zackenberg",2016,"CAS","Cas4",3,25,8.33
"425","Zackenberg",2016,"DRY","Dry1",4,549,137.25
"426","Zackenberg",2016,"DRY","Dry2",60,69,1.15
"427","Zackenberg",2016,"DRY","Dry3",2,406,203
"428","Zackenberg",2016,"DRY","Dry4",6,267,44.5
"429","Zackenberg",2016,"DRY","Dry5",6,645,107.5
"430","Zackenberg",2016,"DRY","Dry6",91,152,1.67
"431","Zackenberg",2016,"PAP","Pap1",105,17,0.16
"432","Zackenberg",2016,"PAP","Pap2",150,51,0.34
"433","Zackenberg",2016,"PAP","Pap3",90,82,0.91
"434","Zackenberg",2016,"PAP","Pap4",91,23,0.25
"435","Zackenberg",2016,"SAX","Sax1",7,243,34.71
"436","Zackenberg",2016,"SAX","Sax2",6,285,47.5
"437","Zackenberg",2016,"SAX","Sax3",10,545,54.5
"438","Zackenberg",2016,"SIL","Sil1",7,864,123.43
"439","Zackenberg",2016,"SIL","Sil2",6,375,62.5
"440","Zackenberg",2016,"SIL","Sil3",10,488,48.8
"441","Zackenberg",2016,"SIL","Sil4",1,750,750
"442","Zackenberg",2017,"CAS","Cas1",2,327,163.5
"443","Zackenberg",2017,"CAS","Cas2",3,1204,401.33
"444","Zackenberg",2017,"CAS","Cas3",2,667,333.5
"445","Zackenberg",2017,"CAS","Cas4",3,772,257.33
"446","Zackenberg",2017,"DRY","Dry1",4,763,190.75
"447","Zackenberg",2017,"DRY","Dry2",60,88,1.47
"448","Zackenberg",2017,"DRY","Dry3",2,568,284
"449","Zackenberg",2017,"DRY","Dry4",6,292,48.67
"450","Zackenberg",2017,"DRY","Dry5",6,703,117.17
"451","Zackenberg",2017,"DRY","Dry6",91,361,3.97
"452","Zackenberg",2017,"PAP","Pap1",105,14,0.13
"453","Zackenberg",2017,"PAP","Pap2",150,9,0.06
"454","Zackenberg",2017,"PAP","Pap3",90,40,0.44
"455","Zackenberg",2017,"PAP","Pap4",91,9,0.1
"456","Zackenberg",2017,"SAX","Sax1",7,225,32.14
"457","Zackenberg",2017,"SAX","Sax2",6,251,41.83
"458","Zackenberg",2017,"SAX","Sax3",10,681,68.1
"459","Zackenberg",2017,"SIL","Sil1",7,625,89.29
"460","Zackenberg",2017,"SIL","Sil2",6,172,28.67
"461","Zackenberg",2017,"SIL","Sil3",10,461,46.1
"462","Zackenberg",2017,"SIL","Sil4",1,836,836
"463","Zackenberg",2018,"DRY","Dry1",4,601,150.25
"464","Zackenberg",2018,"DRY","Dry2",60,1,0.02
"465","Zackenberg",2018,"DRY","Dry3",2,184,92
"466","Zackenberg",2018,"DRY","Dry4",6,197,32.83
"467","Zackenberg",2018,"DRY","Dry5",6,440,73.33
"468","Zackenberg",2018,"DRY","Dry6",91,12,0.13
"469","Zackenberg",2018,"PAP","Pap1",105,1,0.01
"470","Zackenberg",2018,"PAP","Pap2",150,1,0.01
"471","Zackenberg",2018,"PAP","Pap3",90,6,0.07
"472","Zackenberg",2018,"PAP","Pap4",91,0,0
"473","Zackenberg",2018,"SAX","Sax1",7,189,27
"474","Zackenberg",2018,"SAX","Sax2",6,90,15
"475","Zackenberg",2018,"SAX","Sax3",10,343,34.3
"476","Zackenberg",2018,"SIL","Sil1",7,329,47
"477","Zackenberg",2018,"SIL","Sil2",6,72,12
"478","Zackenberg",2018,"SIL","Sil3",10,216,21.6
"479","Zackenberg",2018,"SIL","Sil4",1,568,568
"480","Zackenberg",1996,"SAL_male","Sal1",60,807,13.45
"481","Zackenberg",1996,"SAL_female","Sal1",60,1096,18.27
"482","Zackenberg",1996,"SAL_male","Sal2",300,790,2.63
"483","Zackenberg",1996,"SAL_female","Sal2",300,1376,4.59
"484","Zackenberg",1996,"SAL_male","Sal3",36,480.666207697959,13.35
"485","Zackenberg",1996,"SAL_female","Sal3",36,267.333792302041,7.43
"486","Zackenberg",1996,"SAL_male","Sal4",150,1314,8.76
"487","Zackenberg",1996,"SAL_female","Sal4",150,1145,7.63
"488","Zackenberg",1997,"SAL_male","Sal1",60,959,15.98
"489","Zackenberg",1997,"SAL_female","Sal1",60,1349,22.48
"490","Zackenberg",1997,"SAL_male","Sal2",300,1082,3.61
"491","Zackenberg",1997,"SAL_female","Sal2",300,1909,6.36
"492","Zackenberg",1997,"SAL_male","Sal3",36,412,11.44
"493","Zackenberg",1997,"SAL_female","Sal3",36,237,6.58
"494","Zackenberg",1997,"SAL_male","Sal4",150,831,5.54
"495","Zackenberg",1997,"SAL_female","Sal4",150,642,4.28
"496","Zackenberg",1998,"SAL_male","Sal1",60,63,1.05
"497","Zackenberg",1998,"SAL_female","Sal1",60,149,2.48
"498","Zackenberg",1998,"SAL_male","Sal2",300,132,0.44
"499","Zackenberg",1998,"SAL_female","Sal2",300,455,1.52
"500","Zackenberg",1998,"SAL_male","Sal3",36,32,0.89
"501","Zackenberg",1998,"SAL_female","Sal3",36,38,1.06
"502","Zackenberg",1998,"SAL_male","Sal4",150,509,3.39
"503","Zackenberg",1998,"SAL_female","Sal4",150,709,4.73
"504","Zackenberg",1999,"SAL_male","Sal1",60,954,15.9
"505","Zackenberg",1999,"SAL_female","Sal1",60,1207,20.12
"506","Zackenberg",1999,"SAL_male","Sal2",300,416,1.39
"507","Zackenberg",1999,"SAL_female","Sal2",300,418,1.39
"508","Zackenberg",1999,"SAL_male","Sal3",36,52,1.44
"509","Zackenberg",1999,"SAL_female","Sal3",36,68,1.89
"510","Zackenberg",1999,"SAL_male","Sal4",150,718,4.79
"511","Zackenberg",1999,"SAL_female","Sal4",150,880,5.87
"512","Zackenberg",2000,"SAL_male","Sal1",60,681,11.35
"513","Zackenberg",2000,"SAL_female","Sal1",60,900,15
"514","Zackenberg",2000,"SAL_male","Sal2",300,55,0.18
"515","Zackenberg",2000,"SAL_female","Sal2",300,95,0.32
"516","Zackenberg",2000,"SAL_male","Sal3",36,330,9.17
"517","Zackenberg",2000,"SAL_female","Sal3",36,137,3.81
"518","Zackenberg",2000,"SAL_male","Sal4",150,965,6.43
"519","Zackenberg",2000,"SAL_female","Sal4",150,796,5.31
"520","Zackenberg",2001,"SAL_male","Sal1",60,536,8.93
"521","Zackenberg",2001,"SAL_female","Sal1",60,1047,17.45
"522","Zackenberg",2001,"SAL_male","Sal2",300,803,2.68
"523","Zackenberg",2001,"SAL_female","Sal2",300,1304,4.35
"524","Zackenberg",2001,"SAL_male","Sal3",36,1196,33.22
"525","Zackenberg",2001,"SAL_female","Sal3",36,1009,28.03
"526","Zackenberg",2001,"SAL_male","Sal4",150,680,4.53
"527","Zackenberg",2001,"SAL_female","Sal4",150,858,5.72
"528","Zackenberg",2002,"SAL_male","Sal1",60,1454,24.23
"529","Zackenberg",2002,"SAL_female","Sal1",60,1498,24.97
"530","Zackenberg",2002,"SAL_male","Sal2",300,1206,4.02
"531","Zackenberg",2002,"SAL_female","Sal2",300,1816,6.05
"532","Zackenberg",2002,"SAL_male","Sal3",36,344,9.56
"533","Zackenberg",2002,"SAL_female","Sal3",36,315,8.75
"534","Zackenberg",2002,"SAL_male","Sal4",150,1589,10.59
"535","Zackenberg",2002,"SAL_female","Sal4",150,1308,8.72
"536","Zackenberg",2003,"SAL_male","Sal1",60,1931,32.18
"537","Zackenberg",2003,"SAL_female","Sal1",60,2159,35.98
"538","Zackenberg",2003,"SAL_male","Sal2",300,967,3.22
"539","Zackenberg",2003,"SAL_female","Sal2",300,1638,5.46
"540","Zackenberg",2003,"SAL_male","Sal3",36,621,17.25
"541","Zackenberg",2003,"SAL_female","Sal3",36,333,9.25
"542","Zackenberg",2003,"SAL_male","Sal4",150,1751,11.67
"543","Zackenberg",2003,"SAL_female","Sal4",150,1418,9.45
"544","Zackenberg",2003,"SAL_male","Sal5",150,612,4.08
"545","Zackenberg",2003,"SAL_female","Sal5",150,839,5.59
"546","Zackenberg",2003,"SAL_female","Sal6",150,1145,7.63
"547","Zackenberg",2003,"SAL_male","Sal7",60,494,8.23
"548","Zackenberg",2003,"SAL_female","Sal7",60,371,6.18
"549","Zackenberg",2004,"SAL_male","Sal1",60,1127,18.78
"550","Zackenberg",2004,"SAL_female","Sal1",60,1606,26.77
"551","Zackenberg",2004,"SAL_male","Sal2",300,1276,4.25
"552","Zackenberg",2004,"SAL_female","Sal2",300,1862,6.21
"553","Zackenberg",2004,"SAL_male","Sal3",36,693,19.25
"554","Zackenberg",2004,"SAL_female","Sal3",36,476,13.22
"555","Zackenberg",2004,"SAL_male","Sal4",150,1984,13.23
"556","Zackenberg",2004,"SAL_female","Sal4",150,1755,11.7
"557","Zackenberg",2004,"SAL_male","Sal5",150,844,5.63
"558","Zackenberg",2004,"SAL_female","Sal5",150,1314,8.76
"559","Zackenberg",2004,"SAL_male","Sal6",150,2162,14.41
"560","Zackenberg",2004,"SAL_female","Sal6",150,2736,18.24
"561","Zackenberg",2004,"SAL_male","Sal7",60,621,10.35
"562","Zackenberg",2004,"SAL_female","Sal7",60,512,8.53
"563","Zackenberg",2005,"SAL_male","Sal1",60,375,6.25
"564","Zackenberg",2005,"SAL_female","Sal1",60,386,6.43
"565","Zackenberg",2005,"SAL_male","Sal2",300,737,2.46
"566","Zackenberg",2005,"SAL_female","Sal2",300,1089,3.63
"567","Zackenberg",2005,"SAL_male","Sal3",36,285,7.92
"568","Zackenberg",2005,"SAL_female","Sal3",36,188,5.22
"569","Zackenberg",2005,"SAL_male","Sal4",150,1317,8.78
"570","Zackenberg",2005,"SAL_female","Sal4",150,1038,6.92
"571","Zackenberg",2005,"SAL_male","Sal5",150,945,6.3
"572","Zackenberg",2005,"SAL_female","Sal5",150,1333,8.89
"573","Zackenberg",2005,"SAL_male","Sal6",150,2445,16.3
"574","Zackenberg",2005,"SAL_female","Sal6",150,2010,13.4
"575","Zackenberg",2005,"SAL_male","Sal7",60,746,12.43
"576","Zackenberg",2005,"SAL_female","Sal7",60,705,11.75
"577","Zackenberg",2006,"SAL_male","Sal1",60,183,3.05
"578","Zackenberg",2006,"SAL_female","Sal1",60,303,5.05
"579","Zackenberg",2006,"SAL_male","Sal2",300,654,2.18
"580","Zackenberg",2006,"SAL_female","Sal2",300,1076,3.59
"581","Zackenberg",2006,"SAL_male","Sal3",36,204,5.67
"582","Zackenberg",2006,"SAL_female","Sal3",36,129,3.58
"583","Zackenberg",2006,"SAL_male","Sal4",150,1509,10.06
"584","Zackenberg",2006,"SAL_female","Sal4",150,906,6.04
"585","Zackenberg",2006,"SAL_male","Sal5",150,1053,7.02
"586","Zackenberg",2006,"SAL_female","Sal5",150,1366,9.11
"587","Zackenberg",2006,"SAL_male","Sal6",150,591,3.94
"588","Zackenberg",2006,"SAL_female","Sal6",150,947,6.31
"589","Zackenberg",2006,"SAL_male","Sal7",60,287,4.78
"590","Zackenberg",2006,"SAL_female","Sal7",60,180,3
"591","Zackenberg",2007,"SAL_male","Sal1",60,184,3.07
"592","Zackenberg",2007,"SAL_female","Sal1",60,241,4.02
"593","Zackenberg",2007,"SAL_male","Sal2",300,321.569118644434,1.07
"594","Zackenberg",2007,"SAL_female","Sal2",300,388.430881355566,1.29
"595","Zackenberg",2007,"SAL_male","Sal3",36,169,4.69
"596","Zackenberg",2007,"SAL_female","Sal3",36,154,4.28
"597","Zackenberg",2007,"SAL_male","Sal4",150,1120.50060299597,7.47
"598","Zackenberg",2007,"SAL_female","Sal4",150,825.499397004032,5.5
"599","Zackenberg",2007,"SAL_male","Sal5",150,425.592057320198,2.84
"600","Zackenberg",2007,"SAL_female","Sal5",150,528.407942679802,3.52
"601","Zackenberg",2007,"SAL_male","Sal6",150,525,3.5
"602","Zackenberg",2007,"SAL_female","Sal6",150,1085,7.23
"603","Zackenberg",2007,"SAL_male","Sal7",60,359.895186922918,6
"604","Zackenberg",2007,"SAL_female","Sal7",60,266.104813077082,4.44
"605","Zackenberg",2008,"SAL_male","Sal1",60,2,0.03
"606","Zackenberg",2008,"SAL_female","Sal1",60,3,0.05
"607","Zackenberg",2008,"SAL_male","Sal2",300,758,2.53
"608","Zackenberg",2008,"SAL_female","Sal2",300,506,1.69
"609","Zackenberg",2008,"SAL_male","Sal3",36,492,13.67
"610","Zackenberg",2008,"SAL_female","Sal3",36,332,9.22
"611","Zackenberg",2008,"SAL_male","Sal4",150,1894,12.63
"612","Zackenberg",2008,"SAL_female","Sal4",150,1768,11.79
"613","Zackenberg",2008,"SAL_male","Sal5",150,831,5.54
"614","Zackenberg",2008,"SAL_female","Sal5",150,1209,8.06
"615","Zackenberg",2008,"SAL_male","Sal6",150,1565,10.43
"616","Zackenberg",2008,"SAL_female","Sal6",150,2401,16.01
"617","Zackenberg",2008,"SAL_male","Sal7",60,515,8.58
"618","Zackenberg",2008,"SAL_female","Sal7",60,570,9.5
"619","Zackenberg",2009,"SAL_male","Sal1",60,243,4.05
"620","Zackenberg",2009,"SAL_female","Sal1",60,234,3.9
"621","Zackenberg",2009,"SAL_male","Sal2",300,304,1.01
"622","Zackenberg",2009,"SAL_female","Sal2",300,570,1.9
"623","Zackenberg",2009,"SAL_male","Sal3",36,40,1.11
"624","Zackenberg",2009,"SAL_female","Sal3",36,51,1.42
"625","Zackenberg",2009,"SAL_male","Sal4",150,1414,9.43
"626","Zackenberg",2009,"SAL_female","Sal4",150,1529,10.19
"627","Zackenberg",2009,"SAL_male","Sal5",150,529.468109863713,3.53
"628","Zackenberg",2009,"SAL_female","Sal5",150,687.531890136287,4.58
"629","Zackenberg",2009,"SAL_male","Sal6",150,137,0.91
"630","Zackenberg",2009,"SAL_female","Sal6",150,404,2.69
"631","Zackenberg",2009,"SAL_male","Sal7",60,274,4.57
"632","Zackenberg",2009,"SAL_female","Sal7",60,318,5.3
"633","Zackenberg",2010,"SAL_male","Sal1",60,872.3622984823,14.54
"634","Zackenberg",2010,"SAL_female","Sal1",60,1179.6377015177,19.66
"635","Zackenberg",2010,"SAL_male","Sal2",300,524.263656174595,1.75
"636","Zackenberg",2010,"SAL_female","Sal2",300,1513.7363438254,5.05
"637","Zackenberg",2010,"SAL_male","Sal3",36,294,8.17
"638","Zackenberg",2010,"SAL_female","Sal3",36,261,7.25
"639","Zackenberg",2010,"SAL_male","Sal4",150,1125.91106435044,7.51
"640","Zackenberg",2010,"SAL_female","Sal4",150,816.088935649558,5.44
"641","Zackenberg",2010,"SAL_male","Sal5",150,287,1.91
"642","Zackenberg",2010,"SAL_female","Sal5",150,526,3.51
"643","Zackenberg",2010,"SAL_male","Sal6",150,447,2.98
"644","Zackenberg",2010,"SAL_female","Sal6",150,1875,12.5
"645","Zackenberg",2010,"SAL_male","Sal7",60,172,2.87
"646","Zackenberg",2010,"SAL_female","Sal7",60,207,3.45
"647","Zackenberg",2011,"SAL_male","Sal1",60,207,3.45
"648","Zackenberg",2011,"SAL_female","Sal1",60,425,7.08
"649","Zackenberg",2011,"SAL_male","Sal2",300,593.665549638058,1.98
"650","Zackenberg",2011,"SAL_female","Sal2",300,885.334450361942,2.95
"651","Zackenberg",2011,"SAL_male","Sal3",36,194,5.39
"652","Zackenberg",2011,"SAL_female","Sal3",36,183,5.08
"653","Zackenberg",2011,"SAL_male","Sal4",150,2311.13641845418,15.41
"654","Zackenberg",2011,"SAL_female","Sal4",150,1442.86358154582,9.62
"655","Zackenberg",2011,"SAL_male","Sal5",150,987.036100310347,6.58
"656","Zackenberg",2011,"SAL_female","Sal5",150,1087.96389968965,7.25
"657","Zackenberg",2011,"SAL_male","Sal6",150,2264,15.09
"658","Zackenberg",2011,"SAL_female","Sal6",150,3599,23.99
"659","Zackenberg",2011,"SAL_male","Sal7",60,405,6.75
"660","Zackenberg",2011,"SAL_female","Sal7",60,548,9.13
"661","Zackenberg",2012,"SAL_male","Sal1",60,793.339630104848,13.22
"662","Zackenberg",2012,"SAL_female","Sal1",60,1076.66036989515,17.94
"663","Zackenberg",2012,"SAL_male","Sal2",300,697,2.32
"664","Zackenberg",2012,"SAL_female","Sal2",300,1069,3.56
"665","Zackenberg",2012,"SAL_male","Sal3",36,573.663453885714,15.94
"666","Zackenberg",2012,"SAL_female","Sal3",36,323.336546114286,8.98
"667","Zackenberg",2012,"SAL_male","Sal4",150,1121.50060299597,7.48
"668","Zackenberg",2012,"SAL_female","Sal4",150,873.499397004032,5.82
"669","Zackenberg",2012,"SAL_male","Sal5",150,954,6.36
"670","Zackenberg",2012,"SAL_female","Sal5",150,1170,7.8
"671","Zackenberg",2012,"SAL_male","Sal6",150,2016.70708733653,13.44
"672","Zackenberg",2012,"SAL_female","Sal6",150,1715.29291266347,11.44
"673","Zackenberg",2012,"SAL_male","Sal7",60,982.243016665522,16.37
"674","Zackenberg",2012,"SAL_female","Sal7",60,1002.75698333448,16.71
"675","Zackenberg",2013,"SAL_male","Sal1",60,784.671704083878,13.08
"676","Zackenberg",2013,"SAL_female","Sal1",60,962.328295916122,16.04
"677","Zackenberg",2013,"SAL_male","Sal2",300,381.610924939676,1.27
"678","Zackenberg",2013,"SAL_female","Sal2",300,398.389075060324,1.33
"679","Zackenberg",2013,"SAL_male","Sal3",36,268.332415395918,7.45
"680","Zackenberg",2013,"SAL_female","Sal3",36,149.667584604082,4.16
"681","Zackenberg",2013,"SAL_male","Sal4",150,1271.50060299597,8.48
"682","Zackenberg",2013,"SAL_female","Sal4",150,1088.49939700403,7.26
"683","Zackenberg",2013,"SAL_male","Sal5",150,332.444042990149,2.22
"684","Zackenberg",2013,"SAL_female","Sal5",150,436.555957009851,2.91
"685","Zackenberg",2013,"SAL_male","Sal6",150,1366.41417467306,9.11
"686","Zackenberg",2013,"SAL_female","Sal6",150,1570.58582532694,10.47
"687","Zackenberg",2014,"SAL_male","Sal1",60,183.003778062909,3.05
"688","Zackenberg",2014,"SAL_female","Sal1",60,335.996221937091,5.6
"689","Zackenberg",2014,"SAL_male","Sal2",300,591.331099276117,1.97
"690","Zackenberg",2014,"SAL_female","Sal2",300,909.668900723883,3.03
"691","Zackenberg",2014,"SAL_male","Sal3",36,60.3324153959182,1.68
"692","Zackenberg",2014,"SAL_female","Sal3",36,31.6675846040818,0.88
"693","Zackenberg",2014,"SAL_male","Sal4",150,1026.27404290029,6.84
"694","Zackenberg",2014,"SAL_female","Sal4",150,722.725957099706,4.82
"695","Zackenberg",2014,"SAL_male","Sal5",150,1135.71239168802,7.57
"696","Zackenberg",2014,"SAL_female","Sal5",150,1618.28760831198,10.79
"697","Zackenberg",2014,"SAL_male","Sal6",150,2502.89474245821,16.69
"698","Zackenberg",2014,"SAL_female","Sal6",150,4014.10525754179,26.76
"699","Zackenberg",2014,"SAL_male","Sal7",60,226.720498461116,3.78
"700","Zackenberg",2014,"SAL_female","Sal7",60,478.279501538884,7.97
"701","Zackenberg",2015,"SAL_male","Sal1",60,2030.55667094363,33.84
"702","Zackenberg",2015,"SAL_female","Sal1",60,2854.44332905637,47.57
"703","Zackenberg",2015,"SAL_male","Sal2",300,827.691186444337,2.76
"704","Zackenberg",2015,"SAL_female","Sal2",300,1103.30881355566,3.68
"705","Zackenberg",2015,"SAL_male","Sal3",36,415.498623093877,11.54
"706","Zackenberg",2015,"SAL_female","Sal3",36,230.501376906123,6.4
"707","Zackenberg",2015,"SAL_male","Sal4",150,1710.63883043805,11.4
"708","Zackenberg",2015,"SAL_female","Sal4",150,1086.36116956195,7.24
"709","Zackenberg",2015,"SAL_male","Sal5",150,550.75210508703,3.67
"710","Zackenberg",2015,"SAL_female","Sal5",150,723.24789491297,4.82
"711","Zackenberg",2015,"SAL_male","Sal6",150,510.591358086283,3.4
"712","Zackenberg",2015,"SAL_female","Sal6",150,432.408641913717,2.88
"713","Zackenberg",2015,"SAL_male","Sal7",60,28,0.47
"714","Zackenberg",2015,"SAL_female","Sal7",60,30,0.5
"715","Zackenberg",2016,"SAL_male","Sal1",60,2423.45675005502,40.39
"716","Zackenberg",2016,"SAL_female","Sal1",60,3343.54324994498,55.73
"717","Zackenberg",2016,"SAL_male","Sal2",300,574.192861987249,1.91
"718","Zackenberg",2016,"SAL_female","Sal2",300,1314.80713801275,4.38
"719","Zackenberg",2016,"SAL_male","Sal3",36,1123.99724618775,31.22
"720","Zackenberg",2016,"SAL_female","Sal3",36,684.002753812245,19
"721","Zackenberg",2016,"SAL_male","Sal4",150,1955.50542696371,13.04
"722","Zackenberg",2016,"SAL_female","Sal4",150,2467.49457303629,16.45
"723","Zackenberg",2016,"SAL_male","Sal5",150,521.220214950743,3.47
"724","Zackenberg",2016,"SAL_female","Sal5",150,979.779785049257,6.53
"725","Zackenberg",2016,"SAL_male","Sal6",150,466.505532759341,3.11
"726","Zackenberg",2016,"SAL_female","Sal6",150,636.494467240659,4.24
"727","Zackenberg",2016,"SAL_male","Sal7",60,60.953416410186,1.02
"728","Zackenberg",2016,"SAL_female","Sal7",60,59.046583589814,0.98
"729","Zackenberg",2017,"SAL_male","Sal1",60,371.018890314544,6.18
"730","Zackenberg",2017,"SAL_female","Sal1",60,475.981109685456,7.93
"731","Zackenberg",2017,"SAL_male","Sal2",300,496.790968523786,1.66
"732","Zackenberg",2017,"SAL_female","Sal2",300,917.209031476214,3.06
"733","Zackenberg",2017,"SAL_male","Sal3",36,8,0.22
"734","Zackenberg",2017,"SAL_female","Sal3",36,5,0.14
"735","Zackenberg",2017,"SAL_male","Sal4",150,1335.32031971298,8.9
"736","Zackenberg",2017,"SAL_female","Sal4",150,1296.67968028702,8.64
"737","Zackenberg",2017,"SAL_male","Sal6",150,1264.85989958579,8.43
"738","Zackenberg",2017,"SAL_female","Sal6",150,1734.14010041421,11.56
"739","Zackenberg",2017,"SAL_male","Sal7",60,170.685560768755,2.84
"740","Zackenberg",2017,"SAL_female","Sal7",60,210.314439231245,3.51
"741","Zackenberg",2018,"SAL_female","Sal1",60,41,0.68
"742","Zackenberg",2018,"SAL_male","Sal2",300,864.829423733204,2.88
"743","Zackenberg",2018,"SAL_female","Sal2",300,802.170576266796,2.67
"744","Zackenberg",2018,"SAL_male","Sal3",36,92,2.56
"745","Zackenberg",2018,"SAL_female","Sal3",36,13,0.36
"746","Zackenberg",2018,"SAL_male","Sal4",150,1192.36900850954,7.95
"747","Zackenberg",2018,"SAL_female","Sal4",150,722.630991490465,4.82
"748","Zackenberg",2018,"SAL_male","Sal6",150,4275.43438916542,28.5
"749","Zackenberg",2018,"SAL_female","Sal6",150,3142.56561083458,20.95
"750","Zackenberg",2018,"SAL_male","Sal7",60,563.507777944948,9.39
"751","Zackenberg",2018,"SAL_female","Sal7",60,338.492222055052,5.64
